団体コード,都道府県名,団体名,財政力指数,経常収支比率,実質公債費比率,将来負担比率,ラスパイレス指数,人口
011002,北海道,札幌市,0.70,98.0,3.2,22.2,99.2,1955678
012025,北海道,函館市,0.48,95.1,5.0,38.2,97.6,236515
012033,北海道,小樽市,0.47,95.0,3.6,26.6,96.3,104432
012041,北海道,旭川市,0.53,96.2,9.1,84.2,98.7,316183
012050,北海道,室蘭市,0.62,89.9,10.1,58.2,98.1,74855
012068,北海道,釧路市,0.45,95.7,10.3,38.5,98.9,154271
012076,北海道,帯広市,0.60,91.1,8.2,10.3,99.1,160810
012084,北海道,北見市,0.44,98.8,12.5,153.5,96.3,110046
012092,北海道,夕張市,0.19,125.6,68.1,104.5,91.5,6107
012106,北海道,岩見沢市,0.38,99.5,10.8,80.1,99.2,74204
012114,北海道,網走市,0.45,96.4,15.8,123.9,96.3,32199
012122,北海道,留萌市,0.32,99.4,8.8,-,95.1,18169
012131,北海道,苫小牧市,0.75,89.7,8.5,79.1,98.1,165590
012149,北海道,稚内市,0.40,92.7,10.8,45.4,92.2,30336
012157,北海道,美唄市,0.26,92.5,10.1,74.5,95.8,18427
012165,北海道,芦別市,0.25,90.0,6.2,74.3,94.2,11243
012173,北海道,江別市,0.52,91.2,4.4,-,97.9,118055
012181,北海道,赤平市,0.18,98.1,13.1,43.3,95.2,8464
012190,北海道,紋別市,0.34,79.0,9.3,-,94.8,19760
012203,北海道,士別市,0.25,96.9,13.9,92.6,97.5,16440
012211,北海道,名寄市,0.27,97.2,9.9,21.8,99.9,24742
012220,北海道,三笠市,0.19,94.0,11.9,26.0,97.4,7268
012238,北海道,根室市,0.34,89.3,8.6,-,98.7,22468
012246,北海道,千歳市,0.71,88.8,7.0,-,97.2,97355
012254,北海道,滝川市,0.39,90.4,6.5,1.4,98.0,36515
012262,北海道,砂川市,0.30,89.2,6.9,41.5,99.3,15231
012271,北海道,歌志内市,0.11,98.6,7.9,-,94.4,2584
012289,北海道,深川市,0.26,85.8,15.8,118.3,97.7,18329
012297,北海道,富良野市,0.36,91.2,8.8,26.1,99.3,19624
012301,北海道,登別市,0.47,97.9,9.6,37.4,96.3,43615
012319,北海道,恵庭市,0.59,96.4,7.7,-,97.7,70446
012335,北海道,伊達市,0.38,91.8,5.4,-,99.0,31208
012343,北海道,北広島市,0.62,96.7,7.5,90.7,99.1,56495
012351,北海道,石狩市,0.55,94.3,6.5,46.6,96.9,57143
012360,北海道,北斗市,0.48,90.0,5.5,-,97.5,42810
013030,北海道,当別町,0.37,93.9,9.1,35.8,97.6,15113
013048,北海道,新篠津村,0.18,90.5,4.9,0.8,98.5,2730
013315,北海道,松前町,0.18,87.3,7.4,15.4,96.6,5818
013323,北海道,福島町,0.21,84.4,9.4,31.7,97.0,3378
013331,北海道,知内町,0.27,80.0,8.0,-,98.3,3783
013340,北海道,木古内町,0.20,90.0,15.0,47.7,99.4,3528
013374,北海道,七飯町,0.45,88.8,7.0,2.2,98.0,27139
013439,北海道,鹿部町,0.23,82.8,4.4,-,95.3,3508
013455,北海道,森町,0.32,87.5,8.8,-,98.1,13582
013463,北海道,八雲町,0.30,86.3,8.2,-,95.9,14514
013471,北海道,長万部町,0.23,86.2,9.0,37.9,96.3,4696
013617,北海道,江差町,0.25,96.8,11.9,49.0,95.5,6607
013625,北海道,上ノ国町,0.16,88.9,10.5,-,97.6,4133
013633,北海道,厚沢部町,0.16,78.7,7.2,-,93.7,3269
013641,北海道,乙部町,0.14,69.5,7.0,-,95.1,3107
013676,北海道,奥尻町,0.13,91.2,8.2,62.1,93.8,2138
013706,北海道,今金町,0.19,79.0,8.6,-,96.3,4444
013714,北海道,せたな町,0.17,87.6,8.3,-,95.1,6730
013919,北海道,島牧村,0.08,91.3,6.5,16.3,97.2,1246
013927,北海道,寿都町,0.15,81.9,14.3,-,99.0,2629
013935,北海道,黒松内町,0.14,83.8,12.3,13.4,95.2,2446
013943,北海道,蘭越町,0.19,83.0,10.8,-,95.2,4501
013951,北海道,ニセコ町,0.30,83.1,4.2,30.0,95.1,5551
013960,北海道,真狩村,0.16,87.2,8.8,31.2,95.0,1938
013978,北海道,留寿都村,0.25,82.3,9.7,26.3,97.9,2018
013986,北海道,喜茂別町,0.18,84.8,9.1,56.9,95.8,1928
013994,北海道,京極町,0.59,77.8,8.1,-,96.8,2776
014001,北海道,倶知安町,0.70,86.1,8.1,27.0,96.2,17120
014010,北海道,共和町,0.23,89.4,9.1,-,97.0,5364
014028,北海道,岩内町,0.30,93.7,11.7,71.0,96.2,10913
014036,北海道,泊村,1.39,52.8,2.2,-,95.1,1420
014044,北海道,神恵内村,0.10,84.2,3.5,92.4,99.8,740
014052,北海道,積丹町,0.11,89.6,9.7,9.2,99.6,1702
014061,北海道,古平町,0.12,78.8,8.4,-,95.0,2589
014079,北海道,仁木町,0.17,82.4,9.2,-,96.9,3051
014087,北海道,余市町,0.34,88.2,4.9,-,97.9,16954
014095,北海道,赤井川村,0.24,96.7,5.0,-,97.9,1492
014231,北海道,南幌町,0.28,90.9,12.4,128.3,96.5,7933
014249,北海道,奈井江町,0.24,85.0,8.6,71.1,93.7,4704
014257,北海道,上砂川町,0.11,91.1,5.5,-,94.3,2360
014273,北海道,由仁町,0.22,86.7,13.6,23.1,95.9,4527
014281,北海道,長沼町,0.30,82.1,10.2,14.1,97.1,9937
014290,北海道,栗山町,0.29,95.9,6.4,59.1,96.7,10653
014303,北海道,月形町,0.15,88.4,4.4,-,98.0,2732
014311,北海道,浦臼町,0.14,83.3,14.2,-,95.4,1577
014320,北海道,新十津川町,0.18,79.5,6.9,-,97.2,6229
014338,北海道,妹背牛町,0.16,77.8,6.6,-,98.4,2565
014346,北海道,秩父別町,0.15,90.4,6.3,-,98.7,2182
014362,北海道,雨竜町,0.15,86.8,6.4,-,97.5,2044
014371,北海道,北竜町,0.12,90.7,11.2,-,99.0,1593
014389,北海道,沼田町,0.15,84.6,0.2,-,93.0,2798
014524,北海道,鷹栖町,0.27,88.0,6.7,-,97.9,6463
014532,北海道,東神楽町,0.36,78.5,8.3,44.0,97.9,9775
014541,北海道,当麻町,0.20,80.6,8.0,34.2,96.1,6054
014559,北海道,比布町,0.17,91.9,6.9,9.0,96.4,3425
014567,北海道,愛別町,0.15,93.4,7.8,-,96.3,2418
014575,北海道,上川町,0.15,85.0,9.7,66.2,101.4,3085
014583,北海道,東川町,0.24,78.2,7.1,3.8,97.8,8673
014591,北海道,美瑛町,0.22,86.8,13.6,17.8,99.7,9283
014605,北海道,上富良野町,0.30,88.3,9.0,79.1,99.0,9706
014613,北海道,中富良野町,0.22,81.3,5.1,16.5,94.4,4486
014621,北海道,南富良野町,0.13,83.3,10.4,5.9,95.9,2236
014630,北海道,占冠村,0.26,91.5,7.2,38.3,99.7,1590
014648,北海道,和寒町,0.16,81.8,6.6,-,97.5,2807
014656,北海道,剣淵町,0.15,90.4,7.1,-,100.2,2728
014681,北海道,下川町,0.15,87.5,7.2,8.5,95.6,2836
014699,北海道,美深町,0.15,78.9,5.6,-,95.8,3681
014702,北海道,音威子府村,0.10,92.7,7.4,2.9,98.2,601
014711,北海道,中川町,0.12,91.1,13.4,13.6,97.4,1269
014729,北海道,幌加内町,0.10,87.3,5.5,-,97.0,1222
014818,北海道,増毛町,0.15,75.6,4.8,-,95.2,3620
014826,北海道,小平町,0.14,81.7,9.4,-,95.4,2664
014834,北海道,苫前町,0.15,78.6,9.1,-,95.0,2666
014842,北海道,羽幌町,0.20,86.9,9.3,-,95.1,5945
014851,北海道,初山別村,0.11,82.2,7.7,-,94.6,1005
014869,北海道,遠別町,0.13,81.0,9.0,-,95.8,2258
014877,北海道,天塩町,0.17,89.9,7.2,8.7,97.2,2642
015113,北海道,猿払村,0.23,94.4,11.4,48.5,95.8,2589
015121,北海道,浜頓別町,0.20,96.9,10.9,47.7,98.0,3221
015130,北海道,中頓別町,0.11,63.5,▲ 0.3,-,93.1,1472
015148,北海道,枝幸町,0.22,82.3,9.2,-,95.8,7199
015164,北海道,豊富町,0.25,65.6,10.1,-,97.2,3515
015172,北海道,礼文町,0.12,74.4,10.2,-,94.8,2183
015181,北海道,利尻町,0.11,80.8,14.1,81.8,96.4,1830
015199,北海道,利尻富士町,0.12,78.4,12.8,-,96.0,2151
015202,北海道,幌延町,0.24,82.6,4.5,-,96.4,2042
015431,北海道,美幌町,0.36,86.6,7.9,-,96.9,17329
015440,北海道,津別町,0.20,86.6,5.4,-,98.0,3970
015458,北海道,斜里町,0.33,89.9,10.8,34.2,96.0,10513
015466,北海道,清里町,0.18,85.3,9.1,-,94.9,3622
015474,北海道,小清水町,0.21,82.2,9.8,60.5,98.0,4342
015491,北海道,訓子府町,0.22,75.7,8.5,-,96.1,4448
015504,北海道,置戸町,0.14,71.0,9.4,-,97.8,2543
015521,北海道,佐呂間町,0.25,77.6,7.1,-,98.0,4646
015555,北海道,遠軽町,0.26,89.7,12.0,33.8,96.0,17646
015598,北海道,湧別町,0.27,78.6,9.0,-,96.0,7901
015601,北海道,滝上町,0.12,86.6,7.4,-,93.0,2208
015610,北海道,興部町,0.23,78.7,7.9,-,97.8,3495
015628,北海道,西興部村,0.10,88.0,10.5,-,95.7,956
015636,北海道,雄武町,0.21,73.8,7.9,-,97.0,4033
015644,北海道,大空町,0.25,90.1,9.7,2.0,96.5,6441
015717,北海道,豊浦町,0.16,92.0,13.5,0.5,98.1,3491
015750,北海道,壮瞥町,0.19,84.2,8.2,-,96.1,2313
015784,北海道,白老町,0.38,89.8,10.2,2.1,98.3,15095
015814,北海道,厚真町,0.37,89.1,12.8,-,99.3,4227
015849,北海道,洞爺湖町,0.26,87.5,10.4,19.6,97.4,7906
015857,北海道,安平町,0.43,83.1,11.4,27.9,97.1,7214
015865,北海道,むかわ町,0.23,88.2,8.3,20.2,98.9,7221
016012,北海道,日高町,0.25,93.1,14.5,58.4,96.4,10904
016021,北海道,平取町,0.17,80.4,9.3,44.8,96.7,4435
016047,北海道,新冠町,0.23,84.5,8.4,-,95.8,5011
016071,北海道,浦河町,0.29,83.8,9.7,20.5,96.5,11231
016080,北海道,様似町,0.17,83.9,10.9,28.3,96.0,3777
016098,北海道,えりも町,0.18,98.4,8.2,-,96.0,4060
016101,北海道,新ひだか町,0.34,92.8,10.9,25.8,96.3,20229
016314,北海道,音更町,0.50,90.1,11.4,29.7,97.9,42683
016322,北海道,士幌町,0.30,88.0,8.8,-,97.6,5690
016331,北海道,上士幌町,0.24,88.2,9.3,-,98.1,4758
016349,北海道,鹿追町,0.25,81.8,10.1,-,98.3,4928
016357,北海道,新得町,0.24,80.6,7.8,-,98.8,5503
016365,北海道,清水町,0.32,88.5,9.4,-,98.6,8755
016373,北海道,芽室町,0.48,89.9,9.2,66.8,97.5,17773
016381,北海道,中札内村,0.28,88.1,5.6,-,95.6,3823
016390,北海道,更別村,0.25,71.5,5.2,-,99.0,3084
016411,北海道,大樹町,0.25,86.7,10.0,1.6,96.5,5266
016420,北海道,広尾町,0.23,89.7,12.7,19.2,96.8,5880
016438,北海道,幕別町,0.36,87.0,10.0,75.1,98.1,25269
016446,北海道,池田町,0.22,87.2,12.1,-,97.7,5906
016454,北海道,豊頃町,0.21,84.7,9.1,-,98.1,2878
016462,北海道,本別町,0.26,91.1,12.2,30.1,96.7,6046
016471,北海道,足寄町,0.20,92.0,11.5,-,97.2,5952
016489,北海道,陸別町,0.17,77.4,11.4,-,96.2,2120
016497,北海道,浦幌町,0.20,90.8,10.5,-,97.5,4108
016616,北海道,釧路町,0.50,94.2,8.4,32.9,96.8,18380
016624,北海道,厚岸町,0.23,92.1,10.1,60.1,97.1,8195
016632,北海道,浜中町,0.21,87.8,11.3,47.8,98.2,5246
016641,北海道,標茶町,0.23,93.9,10.1,74.9,96.3,6836
016659,北海道,弟子屈町,0.23,89.9,14.1,-,97.4,6432
016675,北海道,鶴居村,0.19,84.7,6.5,-,98.3,2432
016683,北海道,白糠町,0.24,84.4,10.2,-,96.2,7003
016918,北海道,別海町,0.31,92.7,11.1,-,96.5,13964
016926,北海道,中標津町,0.42,91.9,12.7,87.5,95.0,22257
016934,北海道,標津町,0.21,90.3,8.8,18.4,95.3,4798
016942,北海道,羅臼町,0.22,85.3,8.2,-,96.6,4267
022012,青森県,青森市,0.55,92.4,10.9,81.6,96.2,263512
022021,青森県,弘前市,0.49,94.0,6.9,49.0,94.0,159488
022039,青森県,八戸市,0.63,92.7,9.2,99.7,97.5,215080
022047,青森県,黒石市,0.37,89.4,10.5,20.1,93.5,30428
022055,青森県,五所川原市,0.33,94.6,8.7,75.5,96.9,49811
022063,青森県,十和田市,0.44,93.6,12.3,26.2,96.4,57361
022071,青森県,三沢市,0.51,93.1,8.6,72.1,94.8,37380
022080,青森県,むつ市,0.36,97.5,13.8,128.3,97.4,51606
022098,青森県,つがる市,0.25,94.7,12.9,98.7,96.1,28806
022101,青森県,平川市,0.30,94.0,8.0,-,97.6,29353
023019,青森県,平内町,0.24,79.5,10.9,69.4,97.8,9730
023035,青森県,今別町,0.21,78.3,7.4,-,100.7,2096
023043,青森県,蓬田村,0.19,86.4,6.6,-,98.1,2434
023078,青森県,外ヶ浜町,0.18,87.9,8.9,-,97.2,4996
023213,青森県,鰺ケ沢町,0.22,94.1,13.3,134.1,92.8,8505
023230,青森県,深浦町,0.18,93.4,9.6,30.3,94.6,6803
023434,青森県,西目屋村,0.12,85.3,9.5,-,91.9,1210
023612,青森県,藤崎町,0.30,86.7,12.4,25.9,93.7,14300
023621,青森県,大鰐町,0.22,99.3,12.3,61.5,90.0,8231
023671,青森県,田舎館村,0.26,86.1,8.8,-,94.2,7239
023817,青森県,板柳町,0.27,92.1,10.7,-,93.6,12198
023841,青森県,鶴田町,0.27,93.9,13.6,103.1,95.3,11540
023876,青森県,中泊町,0.23,95.0,10.1,45.0,94.9,9417
024015,青森県,野辺地町,0.37,93.0,6.4,11.6,95.7,11855
024023,青森県,七戸町,0.37,84.6,3.5,-,96.8,14014
024058,青森県,六戸町,0.41,84.0,7.7,8.4,95.6,10551
024066,青森県,横浜町,0.31,93.0,5.8,-,98.8,4048
024082,青森県,東北町,0.31,91.7,12.9,83.7,97.2,16005
024112,青森県,六ケ所村,1.68,93.6,3.2,-,101.2,9628
024121,青森県,おいらせ町,0.46,93.3,9.3,-,95.3,25182
024236,青森県,大間町,0.27,80.1,11.7,42.0,98.8,4649
024244,青森県,東通村,0.54,72.1,13.0,-,95.8,5553
024252,青森県,風間浦村,0.10,94.4,12.1,-,93.8,1554
024261,青森県,佐井村,0.12,85.8,5.6,-,94.4,1628
024414,青森県,三戸町,0.25,93.4,9.6,-,94.0,8767
024422,青森県,五戸町,0.27,88.1,9.4,-,95.0,15285
024431,青森県,田子町,0.21,89.1,5.6,10.3,92.3,4718
024457,青森県,南部町,0.30,84.9,8.4,-,93.2,16185
024465,青森県,階上町,0.35,87.2,10.1,-,96.4,12562
024503,青森県,新郷村,0.16,83.5,5.8,-,92.2,2059
032018,岩手県,盛岡市,0.70,96.4,10.0,83.0,98.4,277423
032026,岩手県,宮古市,0.36,94.9,10.4,10.5,95.8,45632
032034,岩手県,大船渡市,0.44,95.8,13.3,76.3,96.3,32059
032051,岩手県,花巻市,0.47,90.7,9.2,50.6,96.7,89867
032069,岩手県,北上市,0.95,93.8,7.2,61.4,98.8,91090
032077,岩手県,久慈市,0.40,93.2,10.8,86.7,95.9,31216
032085,岩手県,遠野市,0.33,93.1,10.5,40.0,96.7,23930
032093,岩手県,一関市,0.37,94.1,9.1,43.1,97.4,105505
032107,岩手県,陸前高田市,0.32,92.1,11.6,-,95.5,17226
032115,岩手県,釜石市,0.49,99.0,10.2,-,97.3,28934
032131,岩手県,二戸市,0.37,95.8,12.5,54.5,97.4,24157
032140,岩手県,八幡平市,0.31,94.2,13.8,21.6,96.8,23179
032158,岩手県,奥州市,0.44,96.2,15.2,28.1,98.3,107798
032166,岩手県,滝沢市,0.57,89.2,6.2,32.1,96.4,54413
033014,岩手県,雫石町,0.38,99.6,9.0,-,96.8,14995
033022,岩手県,葛巻町,0.17,90.5,7.1,7.4,96.1,5293
033031,岩手県,岩手町,0.33,92.2,8.0,37.7,92.1,11542
033219,岩手県,紫波町,0.46,93.9,14.0,71.8,95.0,32684
033227,岩手県,矢巾町,0.66,95.1,15.3,47.5,96.0,26160
033669,岩手県,西和賀町,0.14,91.8,15.9,43.5,96.1,4659
033812,岩手県,金ケ崎町,0.64,84.3,10.9,-,98.5,15119
034029,岩手県,平泉町,0.31,96.6,10.4,72.7,98.3,6734
034410,岩手県,住田町,0.22,81.2,6.6,-,94.0,4681
034614,岩手県,大槌町,0.28,96.1,8.5,-,95.8,10492
034827,岩手県,山田町,0.31,95.9,4.8,-,97.6,13854
034835,岩手県,岩泉町,0.16,90.2,12.4,-,96.9,7843
034843,岩手県,田野畑村,0.15,92.5,10.5,-,88.8,2888
034851,岩手県,普代村,0.14,98.5,9.0,-,93.9,2293
035017,岩手県,軽米町,0.35,92.9,10.6,20.5,92.5,7907
035033,岩手県,野田村,0.20,90.1,6.2,-,90.6,3901
035068,岩手県,九戸村,0.20,90.5,8.7,-,93.4,5084
035076,岩手県,洋野町,0.26,94.5,11.4,1.1,92.6,14739
035246,岩手県,一戸町,0.34,94.8,5.4,14.9,95.6,10603
041009,宮城県,仙台市,0.87,98.8,4.9,44.6,102.3,1064142
042021,宮城県,石巻市,0.53,99.8,6.2,-,97.3,132447
042030,宮城県,塩竈市,0.52,98.5,4.6,-,96.5,51726
042056,宮城県,気仙沼市,0.45,102.2,8.1,-,98.5,56300
042064,宮城県,白石市,0.50,92.8,5.5,-,97.9,30569
042072,宮城県,名取市,0.80,101.8,1.9,-,97.4,79792
042081,宮城県,角田市,0.50,95.3,11.0,-,96.5,26469
042099,宮城県,多賀城市,0.69,101.4,3.8,-,94.9,61628
042111,宮城県,岩沼市,0.80,103.2,0.3,-,96.2,43137
042129,宮城県,登米市,0.36,97.9,7.8,60.3,93.7,71919
042137,宮城県,栗原市,0.32,100.8,8.0,29.8,94.3,60518
042145,宮城県,東松島市,0.45,93.7,8.6,11.9,96.3,37875
042153,宮城県,大崎市,0.49,97.0,7.9,79.3,98.2,122035
042161,宮城県,富谷市,0.75,94.1,▲ 1.6,-,93.8,52452
043010,宮城県,蔵王町,0.43,96.6,4.7,-,98.1,10916
043028,宮城県,七ケ宿町,0.31,87.8,7.6,-,97.6,1213
043214,宮城県,大河原町,0.60,99.9,4.4,-,96.1,23297
043222,宮城県,村田町,0.42,91.9,11.4,40.1,96.4,9816
043231,宮城県,柴田町,0.59,94.5,6.7,54.4,98.1,36331
043249,宮城県,川崎町,0.32,94.3,6.1,-,97.4,7938
043419,宮城県,丸森町,0.31,93.5,8.5,-,89.3,11571
043613,宮城県,亘理町,0.57,95.8,5.0,-,95.3,32825
043621,宮城県,山元町,0.36,90.8,6.8,-,92.6,11427
044016,宮城県,松島町,0.45,95.3,7.6,6.7,94.9,12885
044041,宮城県,七ケ浜町,0.49,96.5,1.3,-,91.2,17553
044067,宮城県,利府町,0.78,93.4,7.1,47.7,96.7,35863
044211,宮城県,大和町,1.06,101.0,3.0,-,96.4,27861
044229,宮城県,大郷町,0.52,84.9,8.8,-,95.9,7480
044245,宮城県,大衡村,0.77,94.3,6.4,-,94.8,5539
044440,宮城県,色麻町,0.28,84.3,10.8,72.6,96.0,6103
044458,宮城県,加美町,0.35,90.1,7.0,20.7,94.6,20970
045012,宮城県,涌谷町,0.38,85.7,6.6,-,93.0,14249
045055,宮城県,美里町,0.42,89.9,7.9,46.1,96.4,22826
045811,宮城県,女川町,0.93,89.0,5.5,-,94.7,5810
046060,宮城県,南三陸町,0.29,99.7,10.8,-,93.0,11498
052019,秋田県,秋田市,0.65,94.0,9.4,119.3,98.1,293729
052027,秋田県,能代市,0.50,94.4,9.2,71.2,96.3,47247
052035,秋田県,横手市,0.33,97.4,8.6,17.4,97.0,80777
052043,秋田県,大館市,0.42,94.4,9.4,86.5,98.2,65492
052060,秋田県,男鹿市,0.34,96.7,8.3,36.2,95.5,23355
052078,秋田県,湯沢市,0.32,97.6,11.6,73.4,96.2,39484
052094,秋田県,鹿角市,0.32,93.3,8.4,30.4,95.9,27069
052108,秋田県,由利本荘市,0.35,93.7,12.2,103.0,96.7,70409
052116,秋田県,潟上市,0.35,99.7,6.3,26.9,94.3,31271
052124,秋田県,大仙市,0.35,91.1,11.3,70.5,98.4,73794
052132,秋田県,北秋田市,0.27,95.0,7.4,3.4,96.5,27834
052141,秋田県,にかほ市,0.36,94.5,8.0,50.0,95.0,22075
052159,秋田県,仙北市,0.27,97.5,8.9,75.8,97.5,22859
053031,秋田県,小坂町,0.38,93.4,12.7,33.7,93.8,4421
053279,秋田県,上小阿仁村,0.12,92.6,7.8,-,92.3,1869
053465,秋田県,藤里町,0.13,90.2,6.0,12.0,96.2,2746
053481,秋田県,三種町,0.25,89.9,6.6,-,96.2,14170
053490,秋田県,八峰町,0.18,92.1,7.1,-,95.0,6086
053619,秋田県,五城目町,0.24,90.1,8.4,48.2,95.7,7814
053635,秋田県,八郎潟町,0.24,79.2,10.0,-,91.9,5176
053660,秋田県,井川町,0.21,80.1,3.5,-,92.9,4157
053686,秋田県,大潟村,0.34,83.7,7.0,-,93.8,2945
054348,秋田県,美郷町,0.24,82.8,▲ 2.4,-,95.1,17444
054631,秋田県,羽後町,0.25,89.8,10.4,-,93.7,13036
054640,秋田県,東成瀬村,0.13,84.3,11.5,-,94.9,2334
062014,山形県,山形市,0.74,92.1,7.8,87.3,100.0,236164
062022,山形県,米沢市,0.59,97.0,9.5,43.8,99.4,74629
062031,山形県,鶴岡市,0.41,97.2,7.9,51.5,100.3,116731
062049,山形県,酒田市,0.48,98.0,9.4,9.6,99.1,93924
062057,山形県,新庄市,0.50,93.5,7.1,-,99.0,32362
062065,山形県,寒河江市,0.53,90.3,7.5,-,98.6,39417
062073,山形県,上山市,0.48,88.6,5.4,11.2,97.0,27584
062081,山形県,村山市,0.35,91.0,9.2,16.5,97.5,21299
062090,山形県,長井市,0.42,91.6,14.3,245.6,99.9,24420
062103,山形県,天童市,0.65,91.8,4.9,-,99.9,60204
062111,山形県,東根市,0.62,94.8,8.8,-,97.6,47631
062120,山形県,尾花沢市,0.28,90.1,10.3,22.8,97.1,13529
062138,山形県,南陽市,0.47,95.6,13.2,107.6,100.0,29070
063011,山形県,山辺町,0.38,91.7,9.5,-,98.3,13344
063029,山形県,中山町,0.35,91.5,10.9,16.5,99.2,10455
063215,山形県,河北町,0.44,93.5,9.5,14.4,96.6,16809
063223,山形県,西川町,0.22,85.5,11.2,-,99.1,4536
063231,山形県,朝日町,0.19,98.8,8.6,-,99.1,5782
063240,山形県,大江町,0.26,86.8,8.7,-,95.6,7062
063410,山形県,大石田町,0.22,93.1,10.7,2.4,97.9,5979
063614,山形県,金山町,0.19,92.8,9.2,-,98.2,4691
063622,山形県,最上町,0.22,91.6,11.2,25.0,100.4,7358
063631,山形県,舟形町,0.19,85.4,10.9,-,100.4,4662
063649,山形県,真室川町,0.21,90.3,6.4,-,98.5,6481
063657,山形県,大蔵村,0.15,85.9,10.5,-,99.9,2760
063665,山形県,鮭川村,0.17,86.7,5.5,-,100.0,3659
063673,山形県,戸沢村,0.16,79.5,13.5,44.0,101.3,3850
063819,山形県,高畠町,0.41,90.1,12.0,99.5,98.9,21306
063827,山形県,川西町,0.26,91.1,12.6,137.5,97.9,13385
064017,山形県,小国町,0.31,91.0,12.0,51.6,97.4,6537
064025,山形県,白鷹町,0.27,93.1,12.6,10.6,97.5,12222
064033,山形県,飯豊町,0.20,95.2,14.1,106.3,100.0,6203
064262,山形県,三川町,0.37,90.5,10.7,79.5,97.7,7009
064289,山形県,庄内町,0.31,95.9,11.0,17.0,95.6,19144
064611,山形県,遊佐町,0.29,84.4,11.6,40.7,97.4,12157
072010,福島県,福島市,0.75,94.3,4.5,-,101.0,264652
072028,福島県,会津若松市,0.62,90.0,5.2,38.8,100.5,110841
072036,福島県,郡山市,0.81,91.0,1.3,-,100.6,312433
072044,福島県,いわき市,0.78,94.8,7.1,-,100.2,303171
072052,福島県,白河市,0.62,91.0,8.3,48.4,98.6,57085
072079,福島県,須賀川市,0.56,101.2,5.6,75.0,100.2,72918
072087,福島県,喜多方市,0.37,97.1,6.9,76.1,100.9,43519
072095,福島県,相馬市,0.62,92.8,11.2,-,100.4,32261
072109,福島県,二本松市,0.46,98.0,9.4,27.1,98.5,50358
072117,福島県,田村市,0.35,89.4,8.8,-,95.3,32982
072125,福島県,南相馬市,0.64,94.0,8.4,-,95.5,55774
072133,福島県,伊達市,0.41,97.5,10.9,51.0,97.8,55997
072141,福島県,本宮市,0.65,93.8,5.4,66.9,99.9,29712
073016,福島県,桑折町,0.42,88.5,8.8,-,99.3,10951
073032,福島県,国見町,0.29,90.7,3.9,0.4,101.0,8095
073083,福島県,川俣町,0.33,92.6,4.4,-,99.0,11412
073229,福島県,大玉村,0.37,87.8,7.0,-,98.7,8817
073423,福島県,鏡石町,0.55,86.0,10.1,107.2,98.4,12356
073440,福島県,天栄村,0.30,81.9,8.3,-,99.0,5171
073628,福島県,下郷町,0.32,84.6,5.9,-,98.3,4792
073644,福島県,檜枝岐村,0.26,92.9,4.1,-,94.8,484
073679,福島県,只見町,0.21,86.0,5.0,-,98.0,3690
073687,福島県,南会津町,0.24,88.7,6.9,17.9,96.1,13349
074021,福島県,北塩原村,0.22,88.7,14.3,52.9,93.8,2394
074055,福島県,西会津町,0.19,90.1,11.5,65.4,98.4,5408
074071,福島県,磐梯町,0.30,91.3,11.1,81.1,96.2,3151
074080,福島県,猪苗代町,0.37,91.0,9.5,27.5,97.2,12552
074217,福島県,会津坂下町,0.38,87.6,9.0,12.2,98.8,14217
074225,福島県,湯川村,0.21,96.3,11.5,-,100.1,2980
074233,福島県,柳津町,0.18,84.3,6.9,-,97.4,2841
074446,福島県,三島町,0.13,109.0,15.6,5.5,97.0,1327
074454,福島県,金山町,0.24,80.7,5.0,-,98.2,1749
074462,福島県,昭和村,0.09,98.4,8.9,-,97.3,1085
074471,福島県,会津美里町,0.31,87.8,3.4,-,97.8,18117
074616,福島県,西郷村,1.06,74.0,3.4,-,100.0,20616
074641,福島県,泉崎村,0.52,84.8,6.4,-,94.7,6092
074659,福島県,中島村,0.29,87.2,7.6,2.8,97.3,4732
074667,福島県,矢吹町,0.60,86.1,10.4,65.1,98.3,16807
074811,福島県,棚倉町,0.52,75.4,10.4,-,98.0,12789
074829,福島県,矢祭町,0.37,96.7,4.0,-,97.0,5145
074837,福島県,塙町,0.28,93.4,11.7,34.3,98.4,7821
074845,福島県,鮫川村,0.18,83.7,5.9,-,99.8,2846
075019,福島県,石川町,0.41,87.0,6.3,21.9,100.1,13654
075027,福島県,玉川村,0.34,95.4,12.0,119.9,99.1,6050
075035,福島県,平田村,0.24,89.6,14.3,-,99.1,5352
075043,福島県,浅川町,0.31,90.4,7.5,17.0,99.3,5782
075051,福島県,古殿町,0.21,92.2,8.5,-,96.2,4517
075213,福島県,三春町,0.44,91.4,7.8,55.5,97.2,16080
075221,福島県,小野町,0.37,94.4,5.2,-,95.8,8864
075418,福島県,広野町,1.44,76.9,4.7,-,98.8,4531
075426,福島県,楢葉町,0.70,71.1,▲ 2.0,-,98.1,6409
075434,福島県,富岡町,0.64,79.8,▲ 0.3,-,98.3,11316
075442,福島県,川内村,0.28,92.0,6.4,-,96.9,2233
075451,福島県,大熊町,1.59,57.3,▲ 1.0,-,94.7,9944
075469,福島県,双葉町,0.73,57.4,2.0,-,93.3,5294
075477,福島県,浪江町,0.41,83.9,0.9,-,93.8,14632
075485,福島県,葛尾村,0.16,87.0,5.3,-,95.7,1216
075612,福島県,新地町,1.04,127.4,11.2,-,98.8,7445
075647,福島県,飯舘村,0.25,75.2,5.9,-,100.2,4506
082015,茨城県,水戸市,0.78,96.9,9.1,131.4,98.9,267467
082023,茨城県,日立市,0.77,97.9,1.9,-,98.3,163855
082031,茨城県,土浦市,0.81,95.2,6.4,2.1,96.0,141571
082040,茨城県,古河市,0.73,90.7,3.3,20.7,95.6,139812
082058,茨城県,石岡市,0.58,95.8,6.9,5.3,97.6,69937
082074,茨城県,結城市,0.69,94.8,7.9,31.2,97.9,49528
082082,茨城県,龍ケ崎市,0.71,92.6,4.4,-,97.9,74917
082104,茨城県,下妻市,0.68,95.4,7.7,69.5,96.0,42071
082112,茨城県,常総市,0.70,90.3,7.6,36.0,97.3,60596
082121,茨城県,常陸太田市,0.41,95.6,4.6,-,97.1,46390
082147,茨城県,高萩市,0.57,92.5,8.3,30.4,98.3,25769
082155,茨城県,北茨城市,0.68,97.9,12.9,102.2,97.0,40014
082163,茨城県,笠間市,0.59,91.3,5.9,-,96.0,72567
082171,茨城県,取手市,0.59,94.9,7.0,9.4,96.7,105872
082198,茨城県,牛久市,0.78,94.3,3.4,-,94.9,83820
082201,茨城県,つくば市,1.10,96.8,6.4,41.3,98.1,259000
082210,茨城県,ひたちなか市,0.90,98.7,11.9,79.7,97.6,154647
082228,茨城県,鹿嶋市,0.96,90.5,6.9,37.7,98.9,65217
082236,茨城県,潮来市,0.48,92.5,9.6,38.7,98.0,26088
082244,茨城県,守谷市,0.96,94.8,4.0,-,95.3,70900
082252,茨城県,常陸大宮市,0.43,93.6,9.2,31.5,97.9,37861
082261,茨城県,那珂市,0.61,93.0,4.1,-,97.9,53167
082279,茨城県,筑西市,0.65,94.1,7.6,58.5,98.1,99804
082287,茨城県,坂東市,0.66,93.0,6.9,39.4,98.5,52143
082295,茨城県,稲敷市,0.47,90.8,8.5,-,96.7,37012
082309,茨城県,かすみがうら市,0.57,87.3,8.5,47.4,97.3,39893
082317,茨城県,桜川市,0.46,90.6,7.1,22.5,98.5,37635
082325,茨城県,神栖市,1.35,95.8,4.9,45.0,96.3,93786
082333,茨城県,行方市,0.44,88.5,8.2,19.2,97.2,31505
082341,茨城県,鉾田市,0.46,93.4,10.5,-,98.0,46537
082350,茨城県,つくばみらい市,0.75,93.0,7.1,46.8,97.3,53503
082368,茨城県,小美玉市,0.57,90.3,7.2,20.6,97.5,48482
083020,茨城県,茨城町,0.59,89.7,5.9,22.8,96.9,30523
083097,茨城県,大洗町,0.66,92.9,8.5,69.5,95.4,15461
083101,茨城県,城里町,0.36,84.1,8.3,43.7,95.7,17708
083411,茨城県,東海村,1.36,99.9,2.1,-,100.5,38151
083640,茨城県,大子町,0.32,91.6,4.7,50.0,98.8,14516
084425,茨城県,美浦村,0.61,92.5,7.8,73.2,100.6,14156
084433,茨城県,阿見町,0.88,96.8,4.5,-,97.4,49643
084476,茨城県,河内町,0.33,93.3,7.0,-,94.5,7791
085219,茨城県,八千代町,0.62,91.2,7.0,-,99.2,21082
085421,茨城県,五霞町,0.79,87.0,14.1,-,95.2,7933
085464,茨城県,境町,0.67,88.1,10.2,24.1,96.6,24769
085642,茨城県,利根町,0.37,90.7,1.6,-,98.8,15498
092011,栃木県,宇都宮市,0.97,96.4,4.2,50.4,101.7,514595
092029,栃木県,足利市,0.73,91.7,3.9,-,98.7,140055
092037,栃木県,栃木市,0.69,97.3,8.8,23.2,98.6,153088
092045,栃木県,佐野市,0.69,91.1,2.1,-,98.8,112988
092053,栃木県,鹿沼市,0.69,94.2,3.0,-,99.9,92895
092061,栃木県,日光市,0.55,98.5,7.1,49.0,97.4,75281
092088,栃木県,小山市,0.94,91.8,6.2,63.3,97.5,166874
092096,栃木県,真岡市,0.82,85.3,5.0,-,99.6,78284
092100,栃木県,大田原市,0.64,98.2,7.0,23.5,98.0,68053
092118,栃木県,矢板市,0.64,91.3,8.3,1.4,98.0,30117
092134,栃木県,那須塩原市,0.76,95.8,3.2,-,98.2,115611
092142,栃木県,さくら市,0.69,94.7,7.7,-,97.1,43760
092151,栃木県,那須烏山市,0.45,88.4,7.2,-,97.5,23482
092169,栃木県,下野市,0.70,96.1,4.4,-,97.4,59728
093017,栃木県,上三川町,0.93,85.4,7.2,-,96.9,30748
093424,栃木県,益子町,0.55,86.6,6.8,-,95.8,21360
093432,栃木県,茂木町,0.37,93.3,8.7,-,96.4,11408
093441,栃木県,市貝町,0.60,88.5,5.1,-,97.7,11073
093459,栃木県,芳賀町,0.98,87.0,1.8,21.1,99.3,15377
093611,栃木県,壬生町,0.81,90.5,7.7,-,98.3,38140
093645,栃木県,野木町,0.74,91.4,8.6,-,95.6,24869
093840,栃木県,塩谷町,0.41,80.3,4.6,17.5,97.7,9796
093866,栃木県,高根沢町,0.72,83.5,3.0,-,96.5,28770
094072,栃木県,那須町,0.68,87.0,7.2,-,96.3,23697
094111,栃木県,那珂川町,0.37,91.9,7.2,-,95.8,14124
102016,群馬県,前橋市,0.77,94.5,7.9,55.5,99.2,329120
102024,群馬県,高崎市,0.81,97.3,4.3,41.0,99.7,365972
102032,群馬県,桐生市,0.55,95.9,3.8,-,99.5,101185
102041,群馬県,伊勢崎市,0.80,96.7,5.2,7.9,98.3,212084
102059,群馬県,太田市,0.94,87.8,5.3,25.6,99.3,223075
102067,群馬県,沼田市,0.50,98.8,6.5,78.9,98.5,43532
102075,群馬県,館林市,0.78,97.0,5.9,81.9,95.4,73667
102083,群馬県,渋川市,0.57,97.4,4.9,-,98.4,72090
102091,群馬県,藤岡市,0.64,93.1,4.5,-,99.3,61551
102105,群馬県,富岡市,0.62,95.5,7.3,-,99.4,45172
102113,群馬県,安中市,0.81,99.3,6.5,-,98.1,53790
102121,群馬県,みどり市,0.62,99.3,5.0,-,95.4,48470
103446,群馬県,榛東村,0.52,96.7,6.7,-,96.4,14634
103454,群馬県,吉岡町,0.68,94.1,6.0,1.2,97.3,22643
103667,群馬県,上野村,0.73,79.0,5.0,-,90.9,1011
103675,群馬県,神流町,0.16,93.9,6.6,-,91.9,1511
103829,群馬県,下仁田町,0.26,86.8,7.6,-,97.6,6133
103837,群馬県,南牧村,0.13,82.3,3.9,-,93.2,1427
103845,群馬県,甘楽町,0.48,84.9,8.1,6.2,97.7,12368
104213,群馬県,中之条町,0.35,93.3,9.7,-,96.4,14326
104248,群馬県,長野原町,0.52,86.1,10.6,-,98.1,5082
104256,群馬県,嬬恋村,0.42,91.0,10.5,-,95.8,9073
104264,群馬県,草津町,0.58,99.7,4.7,-,94.5,6055
104281,群馬県,高山村,0.28,91.8,7.8,-,95.3,3260
104299,群馬県,東吾妻町,0.39,97.0,11.8,12.5,98.6,12061
104434,群馬県,片品村,0.24,86.8,5.9,-,95.4,3928
104442,群馬県,川場村,0.24,89.6,15.8,126.7,95.3,2973
104485,群馬県,昭和村,0.44,84.5,4.8,-,96.0,6938
104493,群馬県,みなかみ町,0.39,87.3,7.5,-,97.3,16954
104647,群馬県,玉村町,0.74,94.7,3.1,-,96.9,35620
105210,群馬県,板倉町,0.60,93.7,6.3,-,94.9,13461
105228,群馬県,明和町,0.93,129.8,8.4,35.5,97.9,10751
105236,群馬県,千代田町,0.69,98.0,5.8,-,96.0,10848
105244,群馬県,大泉町,0.92,88.4,4.5,-,97.7,41653
105252,群馬県,邑楽町,0.74,99.8,6.6,-,98.0,25558
111007,埼玉県,さいたま市,0.95,98.4,6.1,20.7,101.1,1350500
112011,埼玉県,川越市,0.94,99.1,6.4,48.3,101.1,352805
112020,埼玉県,熊谷市,0.82,89.9,▲ 0.8,-,101.2,190927
112038,埼玉県,川口市,0.94,98.5,2.1,21.3,101.2,607447
112062,埼玉県,行田市,0.66,93.1,2.3,-,99.5,77854
112071,埼玉県,秩父市,0.56,88.7,3.0,-,99.9,57212
112089,埼玉県,所沢市,0.94,95.5,5.0,9.1,101.5,342520
112097,埼玉県,飯能市,0.70,94.0,5.2,19.5,97.8,77963
112101,埼玉県,加須市,0.73,94.9,5.6,-,97.6,112018
112119,埼玉県,本庄市,0.72,94.7,4.0,-,98.7,76783
112127,埼玉県,東松山市,0.79,94.6,4.7,17.7,98.4,91256
112143,埼玉県,春日部市,0.71,95.8,2.5,34.2,98.6,229656
112151,埼玉県,狭山市,0.84,92.7,5.7,2.9,101.5,148221
112160,埼玉県,羽生市,0.76,92.4,10.4,41.7,97.1,53696
112178,埼玉県,鴻巣市,0.65,94.8,3.7,-,100.0,117564
112186,埼玉県,深谷市,0.71,91.5,▲ 1.5,-,97.5,140809
112194,埼玉県,上尾市,0.85,95.0,5.0,-,101.3,230066
112216,埼玉県,草加市,0.89,100.7,5.4,30.2,100.4,251992
112224,埼玉県,越谷市,0.86,91.8,5.2,1.3,102.7,342327
112232,埼玉県,蕨市,0.81,92.4,2.9,-,101.1,76342
112241,埼玉県,戸田市,1.22,86.3,7.8,23.1,99.0,142070
112259,埼玉県,入間市,0.86,95.6,4.2,0.6,101.6,143412
112275,埼玉県,朝霞市,0.98,97.6,5.2,17.5,100.9,145938
112283,埼玉県,志木市,0.79,94.1,2.4,-,101.5,76153
112291,埼玉県,和光市,1.08,92.0,6.4,35.7,101.3,84890
112305,埼玉県,新座市,0.87,98.7,5.8,23.3,99.4,166412
112313,埼玉県,桶川市,0.73,91.5,5.3,31.5,98.1,74172
112321,埼玉県,久喜市,0.80,90.4,4.5,-,96.7,150976
112330,埼玉県,北本市,0.72,92.0,7.8,-,99.9,65274
112348,埼玉県,八潮市,1.03,91.0,7.2,55.4,101.0,93655
112356,埼玉県,富士見市,0.78,94.7,3.3,-,99.0,113404
112372,埼玉県,三郷市,0.90,100.7,8.5,51.2,99.4,142152
112381,埼玉県,蓮田市,0.71,91.5,3.6,-,99.7,61111
112399,埼玉県,坂戸市,0.78,94.9,8.9,1.3,99.5,99632
112402,埼玉県,幸手市,0.67,93.8,4.7,11.6,98.8,48801
112411,埼玉県,鶴ケ島市,0.79,94.0,5.1,-,98.4,69836
112429,埼玉県,日高市,0.80,92.7,5.6,-,99.0,54192
112437,埼玉県,吉川市,0.78,94.6,6.7,0.0,98.7,72396
112453,埼玉県,ふじみ野市,0.76,99.5,3.4,-,98.0,114559
112461,埼玉県,白岡市,0.76,91.1,4.1,-,98.3,52404
113018,埼玉県,伊奈町,0.80,92.4,6.9,-,99.8,45042
113247,埼玉県,三芳町,1.09,89.6,9.3,39.0,99.4,37377
113263,埼玉県,毛呂山町,0.58,91.1,8.2,24.3,96.3,32043
113271,埼玉県,越生町,0.46,90.5,6.4,-,97.0,10757
113417,埼玉県,滑川町,0.80,91.9,7.2,8.2,98.7,19757
113425,埼玉県,嵐山町,0.73,84.0,8.5,18.4,99.0,17328
113433,埼玉県,小川町,0.59,88.6,4.6,27.0,99.6,27448
113468,埼玉県,川島町,0.72,93.4,4.8,20.8,97.6,18671
113476,埼玉県,吉見町,0.63,84.6,5.6,0.1,96.5,17620
113484,埼玉県,鳩山町,0.50,92.1,11.7,71.3,96.4,12782
113492,埼玉県,ときがわ町,0.38,95.3,5.7,-,95.4,10220
113611,埼玉県,横瀬町,0.47,79.0,7.5,37.2,96.4,7601
113620,埼玉県,皆野町,0.39,86.5,6.1,-,92.2,8878
113638,埼玉県,長瀞町,0.36,78.5,11.3,-,93.7,6367
113654,埼玉県,小鹿野町,0.30,90.4,8.5,14.0,95.8,10061
113697,埼玉県,東秩父村,0.18,85.9,3.2,-,96.3,2406
113816,埼玉県,美里町,0.62,81.3,7.0,-,96.8,10685
113832,埼玉県,神川町,0.49,84.5,5.3,-,99.4,12759
113859,埼玉県,上里町,0.75,96.6,8.8,-,97.5,30530
114081,埼玉県,寄居町,0.76,82.8,4.0,22.5,97.5,31675
114421,埼玉県,宮代町,0.59,92.6,5.5,-,95.0,33471
114642,埼玉県,杉戸町,0.70,90.8,6.4,-,95.1,43562
114651,埼玉県,松伏町,0.61,84.7,6.3,8.0,98.0,27857
121002,千葉県,千葉市,0.88,98.8,10.4,120.1,100.5,983896
122025,千葉県,銚子市,0.58,93.8,14.7,59.5,99.4,53986
122033,千葉県,市川市,1.10,92.7,2.6,-,101.1,494720
122041,千葉県,船橋市,0.91,97.3,3.6,-,99.6,649393
122050,千葉県,館山市,0.55,97.4,7.1,70.7,100.2,43554
122068,千葉県,木更津市,0.85,92.1,3.9,-,101.0,136843
122076,千葉県,松戸市,0.84,96.2,2.2,21.9,100.8,500395
122084,千葉県,野田市,0.79,95.3,4.0,0.0,99.4,153538
122106,千葉県,茂原市,0.73,94.0,11.4,67.7,100.5,85861
122114,千葉県,成田市,1.29,93.5,10.3,95.1,100.6,133099
122122,千葉県,佐倉市,0.84,95.6,2.2,-,98.2,169506
122131,千葉県,東金市,0.65,92.4,2.8,41.7,101.0,56524
122157,千葉県,旭市,0.49,94.7,9.8,-,98.3,61986
122165,千葉県,習志野市,0.89,97.5,7.8,39.8,100.3,175105
122173,千葉県,柏市,0.91,92.7,1.2,-,102.0,437634
122181,千葉県,勝浦市,0.47,99.2,7.1,-,99.7,15213
122190,千葉県,市原市,1.09,88.9,5.7,12.1,99.8,266861
122203,千葉県,流山市,0.93,90.8,2.5,51.8,102.4,212562
122211,千葉県,八千代市,0.91,96.9,6.4,6.8,102.8,206692
122220,千葉県,我孫子市,0.74,95.7,2.3,-,100.0,131317
122238,千葉県,鴨川市,0.51,102.1,9.7,74.8,98.9,30209
122246,千葉県,鎌ケ谷市,0.72,98.2,6.8,45.7,99.6,109757
122254,千葉県,君津市,1.01,97.5,5.1,35.3,99.7,79520
122262,千葉県,富津市,0.84,92.3,7.6,52.6,100.2,40427
122271,千葉県,浦安市,1.48,74.5,7.0,15.2,101.7,171322
122289,千葉県,四街道市,0.73,92.5,2.6,-,98.4,96424
122297,千葉県,袖ケ浦市,1.14,91.3,4.7,11.2,99.4,66091
122301,千葉県,八街市,0.62,101.6,7.1,54.0,99.0,66631
122319,千葉県,印西市,1.14,84.8,0.9,5.7,98.2,111731
122327,千葉県,白井市,0.83,89.7,4.9,41.6,101.4,62218
122335,千葉県,富里市,0.73,94.7,6.6,-,98.9,49999
122343,千葉県,南房総市,0.31,93.7,8.1,-,98.8,34066
122351,千葉県,匝瑳市,0.46,99.1,7.6,11.4,100.9,33294
122360,千葉県,香取市,0.50,91.2,10.5,8.4,99.9,69575
122378,千葉県,山武市,0.47,93.6,7.1,-,100.3,47745
122386,千葉県,いすみ市,0.41,90.3,6.3,10.8,99.4,34705
122394,千葉県,大網白里市,0.58,99.9,9.6,29.0,97.7,47660
123226,千葉県,酒々井町,0.69,90.1,5.7,2.1,97.5,20095
123293,千葉県,栄町,0.50,97.8,5.9,-,98.2,19624
123421,千葉県,神崎町,0.38,84.4,3.0,-,100.6,5634
123471,千葉県,多古町,0.54,91.9,5.8,-,102.4,13426
123498,千葉県,東庄町,0.42,92.7,4.8,-,97.7,12607
124036,千葉県,九十九里町,0.42,89.8,7.6,-,100.6,14004
124095,千葉県,芝山町,1.08,90.1,5.5,-,100.8,6644
124109,千葉県,横芝光町,0.45,89.5,5.2,7.2,98.8,22095
124214,千葉県,一宮町,0.54,85.7,4.4,-,101.3,12294
124222,千葉県,睦沢町,0.35,84.2,6.2,-,100.3,6549
124231,千葉県,長生村,0.49,88.0,10.1,58.0,101.2,13269
124249,千葉県,白子町,0.45,81.7,5.6,-,99.5,10376
124265,千葉県,長柄町,0.50,89.9,7.0,-,100.3,6233
124273,千葉県,長南町,0.42,85.3,7.3,27.4,99.3,7074
124419,千葉県,大多喜町,0.40,93.5,3.9,-,94.6,8005
124435,千葉県,御宿町,0.40,90.9,4.7,-,97.5,6912
124630,千葉県,鋸南町,0.27,90.4,8.9,7.3,99.0,6679
131016,東京都,千代田区,0.85,77.6,▲ 0.9,-,100.4,68835
131024,東京都,中央区,0.62,73.3,1.6,-,100.6,187404
131032,東京都,港区,1.17,64.6,▲ 1.5,-,98.4,267780
131041,東京都,新宿区,0.67,82.8,▲ 1.5,-,97.8,352717
131059,東京都,文京区,0.62,82.4,▲ 2.9,-,99.2,235345
131067,東京都,台東区,0.49,83.3,▲ 1.5,-,97.2,216084
131075,東京都,墨田区,0.42,78.5,0.0,-,98.6,287302
131083,東京都,江東区,0.49,73.1,▲ 2.2,-,97.8,541685
131091,東京都,品川区,0.58,78.1,▲ 3.0,-,99.0,412786
131105,東京都,目黒区,0.72,74.8,▲ 3.3,-,99.0,281400
131113,東京都,大田区,0.54,78.7,▲ 2.3,-,100.2,740519
131121,東京都,世田谷区,0.68,81.8,▲ 1.5,-,99.3,923210
131130,東京都,渋谷区,0.97,67.3,▲ 2.8,-,99.0,231402
131148,東京都,中野区,0.49,81.3,▲ 1.1,-,99.0,341322
131156,東京都,杉並区,0.59,80.9,▲ 3.7,-,98.7,577147
131164,東京都,豊島区,0.53,81.7,▲ 0.8,-,98.2,294644
131172,東京都,北区,0.39,78.7,▲ 1.2,-,97.1,362089
131181,東京都,荒川区,0.34,80.0,4.0,-,96.0,222278
131199,東京都,板橋区,0.43,74.8,▲ 2.6,-,98.0,578914
131202,東京都,練馬区,0.45,81.3,▲ 2.1,-,99.3,745927
131211,東京都,足立区,0.38,79.7,▲ 2.7,-,98.7,698276
131229,東京都,葛飾区,0.35,80.5,▲ 0.7,-,97.3,469916
131237,東京都,江戸川区,0.38,73.0,▲ 4.2,-,97.1,693570
132012,東京都,八王子市,0.90,89.4,0.1,-,97.0,559083
132021,東京都,立川市,1.20,87.1,3.3,-,98.4,186257
132039,東京都,武蔵野市,1.57,79.2,▲ 0.9,-,99.9,148034
132047,東京都,三鷹市,1.17,90.2,1.3,-,99.2,190497
132055,東京都,青梅市,0.78,98.7,3.3,-,99.6,129105
132063,東京都,府中市,1.26,81.1,2.6,-,99.7,260998
132071,東京都,昭島市,1.00,94.4,0.4,-,99.6,115632
132080,東京都,調布市,1.22,92.0,2.1,24.9,99.8,239348
132098,東京都,町田市,0.93,93.8,0.5,-,98.3,430170
132101,東京都,小金井市,1.02,94.2,1.9,-,97.6,125174
132110,東京都,小平市,0.95,91.7,2.1,-,99.6,196799
132128,東京都,日野市,0.91,94.6,▲ 0.2,1.7,97.8,188477
132136,東京都,東村山市,0.75,93.1,1.1,-,100.7,151795
132144,東京都,国分寺市,1.06,95.7,2.1,54.7,99.5,129500
132152,東京都,国立市,1.01,99.0,3.4,2.3,99.2,76079
132187,東京都,福生市,0.71,89.4,▲ 2.5,-,99.9,56582
132195,東京都,狛江市,0.81,88.0,0.7,-,98.7,82048
132209,東京都,東大和市,0.77,93.1,▲ 0.2,-,100.4,84996
132217,東京都,清瀬市,0.66,96.2,4.1,20.2,100.1,75011
132225,東京都,東久留米市,0.78,95.3,0.7,-,98.8,116325
132233,東京都,武蔵村山市,0.77,96.2,1.5,-,99.8,70696
132241,東京都,多摩市,1.15,90.4,2.9,-,99.5,148084
132250,東京都,稲城市,0.94,91.8,4.2,15.7,99.6,93916
132276,東京都,羽村市,0.93,94.5,1.0,-,100.2,54126
132284,東京都,あきる野市,0.69,99.3,4.2,13.5,99.6,79244
132292,東京都,西東京市,0.89,95.5,2.7,-,99.6,206245
133035,東京都,瑞穂町,1.00,94.0,1.4,-,101.2,32013
133051,東京都,日の出町,0.62,97.9,3.2,-,96.4,16061
133078,東京都,檜原村,0.17,72.9,▲ 3.8,-,101.7,1923
133086,東京都,奥多摩町,0.27,75.4,7.2,-,99.0,4492
133612,東京都,大島町,0.27,94.1,12.9,77.3,91.2,6813
133621,東京都,利島村,0.12,86.4,6.8,-,92.3,300
133639,東京都,新島村,0.18,82.4,7.3,-,88.4,2415
133647,東京都,神津島村,0.19,77.5,2.7,-,91.2,1737
133817,東京都,三宅村,0.20,90.7,12.3,-,92.8,2211
133825,東京都,御蔵島村,0.11,89.1,4.4,-,78.9,302
134015,東京都,八丈町,0.27,91.1,11.1,-,88.0,6838
134023,東京都,青ヶ島村,0.16,83.6,▲ 0.7,-,77.8,160
134210,東京都,小笠原村,0.25,75.2,3.6,-,91.0,2496
141003,神奈川県,横浜市,0.95,99.0,9.2,114.9,100.0,3753398
141305,神奈川県,川崎市,1.06,99.3,8.4,111.4,100.2,1535141
141500,神奈川県,相模原市,0.83,97.5,2.9,-,98.2,716494
142018,神奈川県,横須賀市,0.74,99.4,6.2,36.2,101.2,379041
142034,神奈川県,平塚市,0.95,96.7,4.8,19.2,99.8,256549
142042,神奈川県,鎌倉市,1.10,98.3,2.1,-,98.5,174535
142051,神奈川県,藤沢市,1.08,94.9,5.3,46.4,100.8,445041
142069,神奈川県,小田原市,0.90,98.2,4.3,43.1,98.3,186464
142077,神奈川県,茅ヶ崎市,0.90,98.3,4.8,17.2,97.7,247345
142085,神奈川県,逗子市,0.78,95.8,5.9,-,99.2,57827
142107,神奈川県,三浦市,0.54,99.6,11.8,84.2,97.2,39842
142115,神奈川県,秦野市,0.78,96.0,1.5,7.2,101.1,158573
142123,神奈川県,厚木市,1.18,93.3,3.7,76.1,99.9,223424
142131,神奈川県,大和市,0.93,101.5,4.9,43.2,95.9,245750
142140,神奈川県,伊勢原市,0.92,98.7,6.7,31.9,101.1,99816
142158,神奈川県,海老名市,1.06,95.7,5.5,31.7,101.0,140763
142166,神奈川県,座間市,0.82,96.4,2.5,8.5,102.3,131219
142174,神奈川県,南足柄市,0.77,97.3,3.2,4.2,101.6,40164
142182,神奈川県,綾瀬市,0.86,95.7,1.4,-,100.5,83952
143014,神奈川県,葉山町,0.79,92.2,▲ 2.5,-,101.6,31813
143219,神奈川県,寒川町,1.12,97.0,6.7,-,99.2,48997
143413,神奈川県,大磯町,0.73,90.8,4.3,6.8,98.8,31757
143421,神奈川県,二宮町,0.62,96.7,5.8,13.8,97.1,27415
143618,神奈川県,中井町,0.90,81.8,▲ 0.2,-,95.1,8901
143626,神奈川県,大井町,0.69,85.1,▲ 1.7,-,96.9,17426
143634,神奈川県,松田町,0.55,88.9,6.6,0.7,97.6,10419
143642,神奈川県,山北町,0.49,82.6,11.4,5.0,101.5,9263
143669,神奈川県,開成町,0.82,83.3,7.0,40.7,100.1,18566
143821,神奈川県,箱根町,1.30,99.4,10.9,61.6,98.0,10835
143839,神奈川県,真鶴町,0.38,98.7,13.3,69.9,93.0,6553
143847,神奈川県,湯河原町,0.63,99.3,8.3,64.8,98.7,23183
144011,神奈川県,愛川町,0.97,94.1,1.4,-,100.5,39377
144029,神奈川県,清川村,0.73,87.2,▲ 0.8,-,92.9,2716
151009,新潟県,新潟市,0.64,94.9,12.4,121.7,98.4,761503
152021,新潟県,長岡市,0.59,96.1,8.0,74.6,96.4,255261
152048,新潟県,三条市,0.55,98.6,13.8,61.8,93.6,91178
152056,新潟県,柏崎市,0.64,94.5,10.0,9.9,98.0,76217
152064,新潟県,新発田市,0.49,89.3,7.7,67.2,95.1,91677
152081,新潟県,小千谷市,0.52,92.0,10.4,25.4,95.6,32602
152099,新潟県,加茂市,0.41,95.7,9.6,69.2,94.2,24079
152102,新潟県,十日町市,0.33,93.6,14.0,73.6,96.0,47124
152111,新潟県,見附市,0.52,95.3,11.3,80.6,95.5,38061
152129,新潟県,村上市,0.34,90.9,11.9,69.6,93.0,53492
152137,新潟県,燕市,0.60,94.0,12.7,68.7,95.2,75935
152161,新潟県,糸魚川市,0.48,97.3,13.0,43.4,93.3,38041
152170,新潟県,妙高市,0.43,87.5,7.1,-,93.7,29514
152188,新潟県,五泉市,0.43,91.4,7.8,58.8,94.1,45690
152226,新潟県,上越市,0.57,93.7,10.5,55.6,98.3,180440
152234,新潟県,阿賀野市,0.43,87.5,9.4,66.6,94.3,39165
152242,新潟県,佐渡市,0.24,95.2,12.1,141.3,91.5,48103
152251,新潟県,魚沼市,0.28,92.8,9.6,16.1,93.7,32522
152269,新潟県,南魚沼市,0.42,93.4,11.8,-,94.0,52376
152277,新潟県,胎内市,0.44,94.2,13.0,109.8,93.4,26791
153079,新潟県,聖籠町,1.07,87.0,10.5,2.5,96.8,13986
153427,新潟県,弥彦村,0.38,80.1,12.7,34.1,92.8,7534
153613,新潟県,田上町,0.36,84.8,7.7,11.8,92.3,10581
153851,新潟県,阿賀町,0.20,91.8,13.0,70.4,89.9,9047
154059,新潟県,出雲崎町,0.22,85.0,8.7,-,94.4,3886
154610,新潟県,湯沢町,0.90,94.1,9.0,30.2,93.7,8268
154822,新潟県,津南町,0.26,84.5,11.6,16.6,94.5,8456
155047,新潟県,刈羽村,1.45,70.5,▲ 1.4,-,89.7,4222
155811,新潟県,関川村,0.21,86.2,12.5,13.7,89.9,4691
155861,新潟県,粟島浦村,0.09,97.8,6.0,-,84.9,312
162019,富山県,富山市,0.80,94.1,9.1,78.4,100.0,403757
162027,富山県,高岡市,0.71,85.6,10.9,91.0,98.8,162672
162043,富山県,魚津市,0.66,91.0,11.0,77.1,97.4,38617
162051,富山県,氷見市,0.47,87.5,11.7,4.9,98.4,42167
162060,富山県,滑川市,0.71,85.5,4.9,-,98.2,32489
162078,富山県,黒部市,0.62,90.6,11.0,108.1,97.7,39155
162086,富山県,砺波市,0.57,92.5,11.4,27.0,97.8,46674
162094,富山県,小矢部市,0.56,88.9,12.8,122.9,94.7,27857
162108,富山県,南砺市,0.34,96.3,9.5,-,95.6,46071
162116,富山県,射水市,0.64,89.9,8.5,58.9,96.2,90184
163210,富山県,舟橋村,0.32,89.5,8.3,25.8,91.5,3313
163228,富山県,上市町,0.45,87.7,14.0,40.8,93.8,18657
163236,富山県,立山町,0.46,87.3,11.4,18.2,97.0,24294
163422,富山県,入善町,0.51,88.0,16.1,58.2,95.5,22256
163431,富山県,朝日町,0.33,93.8,13.3,-,94.1,10373
172014,石川県,金沢市,0.85,88.4,3.4,20.7,99.2,443123
172022,石川県,七尾市,0.45,94.0,13.2,49.0,94.5,46500
172031,石川県,小松市,0.65,93.4,10.8,98.9,96.6,105475
172049,石川県,輪島市,0.24,96.4,15.4,-,97.4,20928
172057,石川県,珠洲市,0.22,99.2,16.3,-,94.9,11374
172065,石川県,加賀市,0.54,95.9,8.2,104.1,97.7,61703
172073,石川県,羽咋市,0.40,91.1,6.6,-,95.4,19585
172090,石川県,かほく市,0.42,94.8,12.7,51.4,95.4,36200
172103,石川県,白山市,0.62,94.8,10.6,122.3,98.3,112524
172111,石川県,能美市,0.64,94.8,4.5,27.1,97.3,49704
172120,石川県,野々市市,0.78,93.9,6.1,1.6,97.0,54583
173240,石川県,川北町,0.51,87.4,7.0,18.1,91.9,6041
173614,石川県,津幡町,0.55,89.3,7.4,76.1,94.2,37521
173657,石川県,内灘町,0.50,90.5,8.9,57.1,93.1,25662
173843,石川県,志賀町,0.53,93.7,7.7,-,93.4,17609
173860,石川県,宝達志水町,0.35,88.6,7.6,-,92.6,11822
174076,石川県,中能登町,0.30,93.4,15.8,38.9,91.7,16529
174611,石川県,穴水町,0.27,90.3,8.8,69.9,92.9,6907
174637,石川県,能登町,0.19,89.0,3.8,4.2,95.0,14331
182010,福井県,福井市,0.77,91.1,9.9,49.3,99.5,254029
182028,福井県,敦賀市,0.85,97.9,4.1,-,96.3,62382
182044,福井県,小浜市,0.44,99.5,11.7,79.5,97.5,27644
182052,福井県,大野市,0.42,94.0,5.3,12.6,97.3,29821
182061,福井県,勝山市,0.43,90.1,9.1,9.3,94.3,21056
182079,福井県,鯖江市,0.67,95.0,5.4,-,97.7,68302
182087,福井県,あわら市,0.55,95.1,8.3,23.0,98.5,26306
182095,福井県,越前市,0.71,93.5,10.0,109.9,99.6,80418
182109,福井県,坂井市,0.60,96.4,8.2,8.3,97.8,88430
183229,福井県,永平寺町,0.37,96.4,7.2,-,94.4,17644
183822,福井県,池田町,0.14,87.4,9.6,-,92.8,2186
184047,福井県,南越前町,0.27,91.2,2.4,-,92.3,9448
184233,福井県,越前町,0.33,95.8,10.2,-,91.9,19769
184420,福井県,美浜町,1.08,74.7,10.4,35.5,95.0,8676
184811,福井県,高浜町,1.65,60.6,5.3,-,92.3,9544
184837,福井県,おおい町,1.09,73.3,1.3,-,92.5,7681
185019,福井県,若狭町,0.33,92.0,15.2,41.2,92.3,13354
192015,山梨県,甲府市,0.71,89.1,8.4,6.5,97.7,183850
192023,山梨県,富士吉田市,0.67,86.4,10.0,-,99.1,46364
192040,山梨県,都留市,0.45,94.5,11.2,-,98.2,28509
192058,山梨県,山梨市,0.42,97.8,12.2,-,96.9,32710
192066,山梨県,大月市,0.60,90.9,15.0,60.3,96.1,21314
192074,山梨県,韮崎市,0.75,97.8,11.0,87.7,98.8,27798
192082,山梨県,南アルプス市,0.51,91.2,4.9,-,98.3,71726
192091,山梨県,北杜市,0.42,90.3,5.3,-,98.7,45380
192104,山梨県,甲斐市,0.62,89.8,5.1,-,97.4,76370
192112,山梨県,笛吹市,0.52,94.7,7.5,-,96.8,66857
192121,山梨県,上野原市,0.48,90.1,11.6,13.1,96.6,21208
192139,山梨県,甲州市,0.43,90.1,13.5,26.9,95.6,29079
192147,山梨県,中央市,0.67,91.9,7.2,-,96.7,30597
193461,山梨県,市川三郷町,0.31,94.2,13.4,97.9,95.3,14434
193640,山梨県,早川町,0.28,83.5,3.8,-,96.4,859
193658,山梨県,身延町,0.26,79.5,0.3,-,95.7,9677
193666,山梨県,南部町,0.27,79.7,1.1,-,96.6,6765
193682,山梨県,富士川町,0.34,86.1,9.9,54.4,97.6,13926
193844,山梨県,昭和町,1.15,86.8,7.9,-,94.3,21387
194221,山梨県,道志村,0.15,84.8,10.1,-,95.8,1509
194239,山梨県,西桂町,0.29,89.4,7.6,29.1,91.3,3888
194247,山梨県,忍野村,1.15,88.8,▲ 2.6,-,93.6,9737
194255,山梨県,山中湖村,1.20,90.3,1.3,-,93.2,5822
194298,山梨県,鳴沢村,0.52,74.8,▲ 2.9,-,94.2,3058
194301,山梨県,富士河口湖町,0.59,80.4,10.8,22.9,95.8,27115
194425,山梨県,小菅村,0.11,92.6,10.6,-,90.3,616
194433,山梨県,丹波山村,0.07,95.4,10.5,-,96.2,501
202011,長野県,長野市,0.71,94.3,5.1,9.7,100.1,362609
202029,長野県,松本市,0.70,86.9,3.6,-,99.4,234111
202037,長野県,上田市,0.59,93.4,5.6,22.1,99.4,151540
202045,長野県,岡谷市,0.60,89.4,7.3,34.0,96.8,46469
202053,長野県,飯田市,0.54,90.4,8.6,7.2,96.7,94944
202061,長野県,諏訪市,0.68,90.0,7.9,42.4,96.1,47559
202070,長野県,須坂市,0.55,94.7,8.3,-,99.4,49149
202088,長野県,小諸市,0.58,94.8,7.3,-,98.4,41248
202096,長野県,伊那市,0.48,91.2,7.2,-,97.2,64901
202100,長野県,駒ケ根市,0.57,92.7,11.8,53.9,97.4,31325
202118,長野県,中野市,0.57,90.4,5.8,-,96.1,42162
202126,長野県,大町市,0.44,90.1,8.3,33.7,96.2,25301
202134,長野県,飯山市,0.33,91.6,11.6,-,96.7,18812
202142,長野県,茅野市,0.55,93.6,7.5,40.2,96.6,54066
202151,長野県,塩尻市,0.63,92.1,7.7,8.5,98.5,65205
202177,長野県,佐久市,0.51,86.9,2.7,-,99.4,97380
202185,長野県,千曲市,0.50,95.2,11.3,4.7,96.7,58845
202193,長野県,東御市,0.48,91.2,9.9,25.3,98.4,28958
202207,長野県,安曇野市,0.51,88.5,7.9,-,97.2,95868
203033,長野県,小海町,0.26,83.7,7.4,-,95.0,4196
203041,長野県,川上村,0.27,79.3,2.4,-,92.2,3631
203050,長野県,南牧村,0.28,77.6,3.1,-,95.5,2977
203068,長野県,南相木村,0.56,82.0,▲ 0.8,-,89.4,926
203076,長野県,北相木村,0.14,90.1,7.8,-,91.1,647
203092,長野県,佐久穂町,0.25,85.9,9.2,-,96.2,10179
203211,長野県,軽井沢町,1.60,63.1,0.9,-,97.0,21752
203238,長野県,御代田町,0.60,78.6,4.9,-,95.3,16770
203246,長野県,立科町,0.32,86.2,7.7,-,98.3,6674
203491,長野県,青木村,0.24,76.9,7.9,-,92.7,4086
203505,長野県,長和町,0.22,86.7,10.0,29.3,97.5,5514
203611,長野県,下諏訪町,0.52,85.1,8.0,32.9,95.5,18470
203629,長野県,富士見町,0.53,90.5,8.0,-,100.6,14107
203637,長野県,原村,0.37,84.3,6.1,-,94.4,8090
203823,長野県,辰野町,0.47,91.0,8.6,-,96.1,18009
203831,長野県,箕輪町,0.56,88.9,9.0,36.4,97.3,24387
203840,長野県,飯島町,0.37,80.1,8.9,27.7,95.2,8863
203858,長野県,南箕輪村,0.54,89.5,7.8,3.4,96.0,16051
203866,長野県,中川村,0.21,82.3,▲ 0.1,-,96.6,4620
203882,長野県,宮田村,0.46,74.0,6.2,-,92.7,8743
204021,長野県,松川町,0.39,80.8,7.1,-,95.2,12445
204030,長野県,高森町,0.42,84.2,8.3,27.0,98.0,12606
204048,長野県,阿南町,0.19,78.8,3.6,-,91.8,3931
204072,長野県,阿智村,0.25,83.0,2.2,-,93.9,5941
204099,長野県,平谷村,0.14,79.1,8.2,-,91.8,377
204102,長野県,根羽村,0.11,77.1,4.3,-,93.6,806
204111,長野県,下條村,0.22,70.7,▲ 4.3,-,94.8,3421
204129,長野県,売木村,0.11,83.0,11.6,-,88.7,472
204137,長野県,天龍村,0.15,80.1,3.1,-,91.4,1028
204145,長野県,泰阜村,0.15,73.4,8.0,-,92.9,1426
204153,長野県,喬木村,0.25,81.4,8.4,-,94.8,5888
204161,長野県,豊丘村,0.30,76.8,12.0,-,92.9,6501
204170,長野県,大鹿村,0.15,73.1,2.8,-,91.2,868
204226,長野県,上松町,0.24,91.8,9.9,37.7,96.4,3930
204234,長野県,南木曽町,0.23,82.2,8.9,-,97.2,3674
204251,長野県,木祖村,0.26,87.6,8.2,-,96.1,2516
204293,長野県,王滝村,0.19,82.4,8.6,-,91.8,640
204307,長野県,大桑村,0.24,89.2,12.2,32.4,98.3,3206
204323,長野県,木曽町,0.26,88.9,11.0,-,97.3,9817
204463,長野県,麻績村,0.17,79.5,6.1,-,91.3,2412
204480,長野県,生坂村,0.13,80.2,7.3,-,91.7,1615
204501,長野県,山形村,0.42,76.2,5.3,-,93.4,8486
204510,長野県,朝日村,0.40,77.3,7.7,-,93.4,4263
204528,長野県,筑北村,0.16,79.5,3.0,-,93.6,3976
204811,長野県,池田町,0.32,87.4,11.9,-,95.1,9114
204820,長野県,松川村,0.34,81.9,8.9,-,97.2,9648
204854,長野県,白馬村,0.43,77.3,16.2,-,96.0,9525
204862,長野県,小谷村,0.22,86.6,11.3,-,93.8,2811
205214,長野県,坂城町,0.63,79.9,8.4,-,95.9,13872
205419,長野県,小布施町,0.40,90.5,5.4,-,96.8,10987
205435,長野県,高山村,0.29,84.6,7.3,-,93.9,6413
205613,長野県,山ノ内町,0.37,87.2,8.8,38.3,92.1,11229
205621,長野県,木島平村,0.20,82.4,11.0,-,93.5,4237
205630,長野県,野沢温泉村,0.18,89.9,8.0,-,90.2,3582
205834,長野県,信濃町,0.31,84.3,7.7,-,95.4,7560
205885,長野県,小川村,0.13,89.5,5.3,-,93.3,2198
205907,長野県,飯綱町,0.25,85.8,11.8,-,94.4,10274
206024,長野県,栄村,0.13,78.3,7.2,-,92.1,1560
212016,岐阜県,岐阜市,0.81,96.7,2.5,-,99.7,399127
212024,岐阜県,大垣市,0.84,92.2,3.1,14.5,99.5,156912
212032,岐阜県,高山市,0.54,81.4,4.6,-,99.5,82486
212041,岐阜県,多治見市,0.68,89.4,▲ 2.3,-,96.1,105048
212059,岐阜県,関市,0.59,86.4,2.0,-,97.4,83930
212067,岐阜県,中津川市,0.49,91.6,7.1,-,98.3,73535
212075,岐阜県,美濃市,0.53,96.3,9.0,5.9,97.4,18991
212083,岐阜県,瑞浪市,0.59,90.6,2.4,-,94.0,35279
212091,岐阜県,羽島市,0.73,99.1,7.7,-,96.4,66517
212105,岐阜県,恵那市,0.45,90.4,2.1,-,96.6,46054
212113,岐阜県,美濃加茂市,0.76,89.3,4.4,-,95.2,57595
212121,岐阜県,土岐市,0.66,90.3,5.0,-,97.6,54243
212130,岐阜県,各務原市,0.85,92.1,3.5,-,100.3,144195
212148,岐阜県,可児市,0.80,85.3,▲ 1.8,-,97.4,99779
212156,岐阜県,山県市,0.41,91.5,10.0,-,95.3,24767
212164,岐阜県,瑞穂市,0.71,87.7,1.6,-,94.3,56343
212172,岐阜県,飛騨市,0.34,90.0,10.6,-,94.3,21674
212181,岐阜県,本巣市,0.53,88.7,8.0,56.0,96.9,32885
212199,岐阜県,郡上市,0.33,87.3,11.4,58.2,93.5,37728
212202,岐阜県,下呂市,0.34,92.0,10.7,-,97.0,28915
212211,岐阜県,海津市,0.45,89.5,7.0,30.3,94.4,31505
213021,岐阜県,岐南町,0.88,91.6,7.7,-,97.1,26366
213039,岐阜県,笠松町,0.66,89.5,6.2,38.1,94.9,21829
213411,岐阜県,養老町,0.59,91.0,8.6,27.5,96.5,25971
213616,岐阜県,垂井町,0.67,81.3,4.9,57.1,96.2,25746
213624,岐阜県,関ケ原町,0.46,92.8,9.9,28.4,91.8,6135
213811,岐阜県,神戸町,0.63,84.8,5.0,44.9,93.3,18210
213829,岐阜県,輪之内町,0.57,83.2,7.2,10.7,94.0,9086
213837,岐阜県,安八町,0.58,88.8,12.9,50.7,93.8,14456
214019,岐阜県,揖斐川町,0.45,85.7,7.4,-,93.5,18633
214035,岐阜県,大野町,0.58,87.6,6.2,-,94.5,21449
214043,岐阜県,池田町,0.60,84.5,11.6,52.9,95.9,22461
214213,岐阜県,北方町,0.60,81.8,10.2,-,94.2,18568
215015,岐阜県,坂祝町,0.48,87.8,4.6,-,96.1,8264
215023,岐阜県,富加町,0.42,89.8,9.1,-,96.1,5884
215031,岐阜県,川辺町,0.43,85.1,9.9,-,93.6,9761
215040,岐阜県,七宗町,0.25,70.5,2.3,-,95.6,3186
215058,岐阜県,八百津町,0.41,87.5,3.7,-,96.6,9861
215066,岐阜県,白川町,0.27,83.8,10.2,-,95.0,6914
215074,岐阜県,東白川村,0.16,97.7,16.5,8.6,95.2,2011
215210,岐阜県,御嵩町,0.58,84.6,6.4,-,96.6,17523
216046,岐阜県,白川村,0.32,77.9,4.9,-,94.5,1470
221007,静岡県,静岡市,0.82,95.3,5.9,30.9,100.9,672775
221309,静岡県,浜松市,0.81,93.3,3.3,-,100.0,783924
222038,静岡県,沼津市,0.90,90.3,4.2,17.9,102.4,185758
222054,静岡県,熱海市,0.85,89.2,4.3,-,102.8,33290
222062,静岡県,三島市,0.84,90.6,6.5,28.1,101.8,104961
222071,静岡県,富士宮市,0.84,93.8,3.6,-,101.2,126857
222089,静岡県,伊東市,0.64,89.9,6.5,-,100.1,64438
222097,静岡県,島田市,0.68,95.1,5.7,7.0,100.6,94747
222101,静岡県,富士市,1.00,90.3,4.8,59.8,101.1,246491
222119,静岡県,磐田市,0.80,95.5,0.4,0.4,98.4,165426
222127,静岡県,焼津市,0.81,92.4,5.7,-,99.8,135294
222135,静岡県,掛川市,0.83,90.0,7.9,14.1,101.2,115126
222143,静岡県,藤枝市,0.81,91.5,4.7,-,101.5,139870
222151,静岡県,御殿場市,1.03,84.9,10.3,21.3,100.6,83487
222160,静岡県,袋井市,0.82,95.0,4.9,62.7,100.7,87941
222194,静岡県,下田市,0.46,85.6,7.0,50.8,98.9,19282
222208,静岡県,裾野市,0.94,88.7,11.6,20.7,100.1,48688
222216,静岡県,湖西市,1.01,89.2,5.3,15.1,101.8,57216
222224,静岡県,伊豆市,0.44,89.8,6.7,68.6,96.2,27748
222232,静岡県,御前崎市,0.91,85.6,2.2,-,97.4,29715
222241,静岡県,菊川市,0.69,89.8,8.1,-,97.9,47179
222259,静岡県,伊豆の国市,0.62,91.7,7.2,17.0,97.8,45983
222267,静岡県,牧之原市,0.71,88.9,6.0,-,96.2,42326
223018,静岡県,東伊豆町,0.54,85.6,7.3,11.1,93.0,11093
223026,静岡県,河津町,0.38,91.3,5.7,-,95.4,6398
223042,静岡県,南伊豆町,0.29,85.1,6.9,-,97.2,7340
223051,静岡県,松崎町,0.26,83.2,5.5,-,97.2,5658
223069,静岡県,西伊豆町,0.26,81.7,4.4,-,96.2,6639
223255,静岡県,函南町,0.71,93.4,5.2,28.3,98.1,36105
223417,静岡県,清水町,0.92,87.2,6.1,18.4,94.6,31637
223425,静岡県,長泉町,1.16,87.4,3.4,13.0,96.8,43705
223441,静岡県,小山町,0.88,89.4,10.5,51.2,98.4,16975
224243,静岡県,吉田町,0.87,84.0,10.3,14.5,95.2,28964
224294,静岡県,川根本町,0.34,82.2,2.4,-,93.7,5700
224618,静岡県,森町,0.54,92.8,12.8,30.4,94.0,16968
231002,愛知県,名古屋市,0.98,101.2,6.4,84.2,98.8,2303004
232017,愛知県,豊橋市,0.98,92.0,5.7,27.5,95.0,366089
232025,愛知県,岡崎市,1.00,93.1,1.6,-,99.7,382656
232033,愛知県,一宮市,0.76,90.8,3.8,16.7,100.2,376861
232041,愛知県,瀬戸市,0.80,87.2,1.7,-,99.8,126274
232050,愛知県,半田市,0.96,84.4,▲ 0.1,5.8,98.1,116209
232068,愛知県,春日井市,0.93,98.2,4.3,21.6,100.4,305902
232076,愛知県,豊川市,0.78,88.9,▲ 0.6,-,101.8,185900
232084,愛知県,津島市,0.71,96.4,5.5,9.1,96.5,59566
232092,愛知県,碧南市,1.17,89.7,3.7,-,96.8,72242
232106,愛知県,刈谷市,1.27,83.8,▲ 1.0,-,99.2,152984
232114,愛知県,豊田市,1.41,65.0,1.6,-,100.1,414750
232122,愛知県,安城市,1.27,87.5,0.4,-,98.9,187665
232131,愛知県,西尾市,0.94,92.7,2.2,11.4,99.2,169528
232149,愛知県,蒲郡市,0.79,94.1,2.5,-,100.3,77535
232157,愛知県,犬山市,0.84,95.3,2.1,-,101.0,71334
232165,愛知県,常滑市,0.92,85.6,12.0,80.2,95.4,58662
232173,愛知県,江南市,0.74,90.0,3.2,-,99.4,98124
232190,愛知県,小牧市,1.21,91.2,0.1,-,100.0,149025
232203,愛知県,稲沢市,0.82,92.5,4.1,13.3,100.1,132879
232211,愛知県,新城市,0.54,95.8,7.5,55.0,97.6,42375
232220,愛知県,東海市,1.29,85.9,1.6,39.6,99.7,113352
232238,愛知県,大府市,1.14,83.5,0.2,-,96.5,93014
232246,愛知県,知多市,0.91,91.3,3.3,20.0,100.1,83017
232254,愛知県,知立市,0.96,94.6,1.9,-,100.1,72646
232262,愛知県,尾張旭市,0.82,95.3,4.0,-,97.9,83782
232271,愛知県,高浜市,1.02,91.3,4.1,37.1,97.5,49041
232289,愛知県,岩倉市,0.73,91.5,4.2,6.4,99.1,47761
232297,愛知県,豊明市,0.83,91.0,1.2,-,98.6,67902
232301,愛知県,日進市,1.01,86.6,0.9,-,98.1,94207
232319,愛知県,田原市,0.95,80.3,2.2,-,99.3,58270
232327,愛知県,愛西市,0.59,94.9,5.0,-,96.6,60457
232335,愛知県,清須市,0.77,93.1,2.3,-,97.6,68707
232343,愛知県,北名古屋市,0.83,93.1,5.0,-,98.8,85843
232351,愛知県,弥富市,0.92,94.4,5.4,95.4,97.6,43534
232360,愛知県,みよし市,1.38,77.5,2.5,-,97.2,61408
232378,愛知県,あま市,0.67,94.9,6.2,65.3,96.9,88393
232386,愛知県,長久手市,1.06,94.1,2.7,-,98.6,61512
233021,愛知県,東郷町,0.84,96.8,0.6,-,97.9,43928
233421,愛知県,豊山町,1.09,87.5,2.6,0.3,100.5,15984
233617,愛知県,大口町,1.20,77.6,1.7,-,96.5,24004
233625,愛知県,扶桑町,0.75,93.0,0.7,-,97.1,35043
234249,愛知県,大治町,0.77,92.3,3.8,25.2,96.3,33566
234257,愛知県,蟹江町,0.80,95.8,5.7,63.8,94.4,36824
234273,愛知県,飛島村,1.99,74.1,▲ 0.6,-,97.9,4713
234419,愛知県,阿久比町,0.69,91.7,5.5,17.9,96.3,28083
234427,愛知県,東浦町,0.87,86.8,0.2,-,98.0,50029
234451,愛知県,南知多町,0.46,89.3,7.9,50.6,96.2,15506
234460,愛知県,美浜町,0.61,89.4,2.5,-,98.4,20560
234478,愛知県,武豊町,1.13,73.2,2.3,-,99.4,43399
235016,愛知県,幸田町,1.07,92.0,0.7,-,98.4,42023
235610,愛知県,設楽町,0.24,88.3,7.7,1.7,94.1,4051
235628,愛知県,東栄町,0.18,86.8,11.5,5.4,93.2,2703
235636,愛知県,豊根村,0.27,94.2,7.8,-,94.9,929
242012,三重県,津市,0.66,97.7,5.3,21.4,98.9,268388
242021,三重県,四日市市,1.15,86.5,4.0,-,101.6,306378
242039,三重県,伊勢市,0.57,96.9,5.8,-,98.3,118849
242047,三重県,松阪市,0.59,87.0,1.9,-,97.7,156026
242055,三重県,桑名市,0.80,92.9,6.8,37.9,100.5,137978
242071,三重県,鈴鹿市,0.85,95.9,2.2,-,99.8,194451
242080,三重県,名張市,0.63,99.5,14.9,125.8,98.2,74229
242098,三重県,尾鷲市,0.34,97.2,8.8,-,96.8,15524
242101,三重県,亀山市,0.81,88.7,3.1,-,99.8,49130
242110,三重県,鳥羽市,0.41,87.8,7.8,-,95.9,16424
242128,三重県,熊野市,0.26,82.2,5.7,-,100.1,14981
242144,三重県,いなべ市,0.76,93.9,10.1,3.7,100.3,44507
242152,三重県,志摩市,0.40,93.6,7.6,12.7,97.7,44110
242161,三重県,伊賀市,0.61,99.3,8.7,48.1,96.4,84603
243035,三重県,木曽岬町,0.50,66.6,4.4,-,96.0,5875
243248,三重県,東員町,0.71,86.4,4.0,-,99.2,25737
243418,三重県,菰野町,0.74,89.3,4.3,-,100.1,40758
243434,三重県,朝日町,0.68,88.4,7.7,5.3,101.3,11107
243442,三重県,川越町,1.16,79.5,1.7,-,100.3,15745
244414,三重県,多気町,0.49,88.4,3.2,-,97.0,13637
244422,三重県,明和町,0.52,103.0,12.2,45.5,95.7,22630
244431,三重県,大台町,0.24,87.6,8.3,1.2,95.3,8204
244619,三重県,玉城町,0.53,78.0,7.1,8.2,96.1,15035
244708,三重県,度会町,0.37,73.7,5.2,-,94.9,7556
244716,三重県,大紀町,0.19,85.4,9.8,-,93.1,7227
244724,三重県,南伊勢町,0.20,99.6,11.3,65.8,92.6,10489
245437,三重県,紀北町,0.27,93.0,8.2,23.6,97.2,13759
245615,三重県,御浜町,0.28,93.3,8.7,-,97.9,7809
245623,三重県,紀宝町,0.28,91.5,11.0,-,96.9,10120
252018,滋賀県,大津市,0.76,92.8,▲ 0.4,-,99.4,343600
252026,滋賀県,彦根市,0.76,97.4,9.2,53.5,98.0,110878
252034,滋賀県,長浜市,0.53,92.9,0.8,-,97.4,112294
252042,滋賀県,近江八幡市,0.64,90.3,0.0,-,99.0,81942
252069,滋賀県,草津市,0.91,90.5,4.0,-,100.2,140515
252077,滋賀県,守山市,0.80,95.8,3.5,18.0,101.2,85881
252085,滋賀県,栗東市,0.96,94.8,11.8,73.2,98.1,70412
252093,滋賀県,甲賀市,0.64,93.9,5.8,35.6,97.1,87729
252107,滋賀県,野洲市,0.78,90.5,7.1,29.1,100.6,50607
252115,滋賀県,湖南市,0.73,88.0,7.8,-,99.1,54065
252123,滋賀県,高島市,0.37,96.7,6.7,-,98.2,45190
252131,滋賀県,東近江市,0.60,88.8,6.6,-,100.3,111349
252140,滋賀県,米原市,0.52,91.9,4.1,-,99.1,36928
253839,滋賀県,日野町,0.66,93.5,6.1,16.3,97.4,20702
253847,滋賀県,竜王町,0.99,85.0,3.7,29.1,98.6,11239
254258,滋賀県,愛荘町,0.57,93.7,5.7,45.9,96.6,21042
254410,滋賀県,豊郷町,0.42,91.6,0.4,-,96.2,7117
254428,滋賀県,甲良町,0.36,92.8,9.0,-,97.2,6410
254436,滋賀県,多賀町,0.56,80.4,6.0,-,99.6,7346
261009,京都府,京都市,0.81,100.4,12.0,132.0,101.5,1373887
262013,京都府,福知山市,0.52,96.4,10.0,28.3,99.5,74540
262021,京都府,舞鶴市,0.61,93.2,13.0,70.0,100.0,75322
262030,京都府,綾部市,0.49,95.9,9.9,87.9,97.9,31072
262048,京都府,宇治市,0.69,94.1,▲ 1.2,-,100.8,179582
262056,京都府,宮津市,0.37,98.6,13.8,110.9,96.8,15966
262064,京都府,亀岡市,0.58,92.4,12.7,60.7,99.2,86209
262072,京都府,城陽市,0.59,99.9,12.2,113.9,99.4,73321
262081,京都府,向日市,0.69,92.3,1.9,-,99.6,56186
262099,京都府,長岡京市,0.74,93.3,2.7,24.9,100.6,82218
262102,京都府,八幡市,0.64,101.8,3.4,22.3,98.5,68598
262111,京都府,京田辺市,0.76,97.9,2.3,-,99.8,72011
262129,京都府,京丹後市,0.29,96.4,13.1,126.1,95.3,50042
262137,京都府,南丹市,0.32,98.7,13.2,46.8,97.3,29531
262145,京都府,木津川市,0.59,97.3,9.9,-,98.1,79339
263036,京都府,大山崎町,0.73,95.8,5.1,-,103.3,16633
263222,京都府,久御山町,1.16,85.3,1.5,-,99.2,15231
263435,京都府,井手町,0.36,79.6,0.3,-,93.2,6958
263443,京都府,宇治田原町,0.57,84.8,10.8,88.6,95.8,8688
263648,京都府,笠置町,0.19,104.6,6.6,-,93.0,1066
263656,京都府,和束町,0.18,82.8,10.4,2.7,97.5,3377
263664,京都府,精華町,0.72,99.5,9.8,28.2,99.1,36210
263672,京都府,南山城村,0.21,97.2,9.5,-,95.0,2379
264075,京都府,京丹波町,0.28,93.0,15.2,58.0,93.2,12384
264636,京都府,伊根町,0.10,90.5,10.1,-,96.4,1861
264652,京都府,与謝野町,0.28,90.2,15.8,75.7,93.8,19402
271004,大阪府,大阪市,0.94,89.8,0.1,-,99.0,2778917
271403,大阪府,堺市,0.75,100.0,5.0,-,100.4,811993
272027,大阪府,岸和田市,0.61,94.6,3.8,-,98.9,186596
272035,大阪府,豊中市,0.85,95.6,2.0,-,99.7,405955
272043,大阪府,池田市,0.76,99.7,2.8,-,100.7,102636
272051,大阪府,吹田市,0.95,101.0,0.5,-,100.1,384506
272060,大阪府,泉大津市,0.69,100.8,7.4,44.6,95.7,72762
272078,大阪府,高槻市,0.75,91.3,▲ 2.7,-,96.4,345589
272086,大阪府,貝塚市,0.63,99.1,5.7,12.1,99.6,81420
272094,大阪府,守口市,0.68,97.5,4.8,-,98.5,140923
272108,大阪府,枚方市,0.75,98.9,1.9,-,98.1,392328
272116,大阪府,茨木市,0.98,94.9,▲ 0.3,-,100.3,286042
272124,大阪府,八尾市,0.69,98.5,2.3,-,97.8,259158
272132,大阪府,泉佐野市,0.84,103.0,7.1,-,95.1,99318
272141,大阪府,富田林市,0.60,96.4,▲ 0.4,-,99.7,105715
272159,大阪府,寝屋川市,0.62,89.3,▲ 1.7,-,93.3,224378
272167,大阪府,河内長野市,0.57,95.9,2.3,-,95.2,97912
272175,大阪府,松原市,0.58,98.7,2.1,-,99.2,116259
272183,大阪府,大東市,0.69,97.6,2.6,-,96.5,115687
272191,大阪府,和泉市,0.69,94.7,4.3,-,99.2,182481
272205,大阪府,箕面市,0.89,90.2,2.2,-,94.8,139527
272213,大阪府,柏原市,0.58,100.9,5.6,5.2,100.1,66500
272221,大阪府,羽曳野市,0.55,100.8,3.9,-,100.7,107406
272230,大阪府,門真市,0.66,97.6,5.0,25.1,97.0,116179
272248,大阪府,摂津市,0.94,101.0,▲ 0.5,-,99.4,86344
272256,大阪府,高石市,0.77,97.0,9.6,65.6,100.0,55968
272264,大阪府,藤井寺市,0.59,96.8,2.4,19.9,95.6,62304
272272,大阪府,東大阪市,0.73,95.2,4.7,-,100.3,477700
272281,大阪府,泉南市,0.67,98.2,8.1,31.7,95.3,58145
272299,大阪府,四條畷市,0.57,97.8,3.2,-,96.0,53749
272302,大阪府,交野市,0.67,94.5,5.2,48.5,97.9,77191
272311,大阪府,大阪狭山市,0.64,99.1,4.0,-,99.2,57746
272329,大阪府,阪南市,0.51,96.6,4.0,29.7,97.5,50080
273015,大阪府,島本町,0.69,93.7,5.8,-,97.6,32247
273210,大阪府,豊能町,0.39,96.4,5.6,-,97.8,17804
273228,大阪府,能勢町,0.33,94.2,14.0,61.6,96.5,8940
273414,大阪府,忠岡町,0.53,98.6,5.0,7.5,100.0,16317
273619,大阪府,熊取町,0.55,98.5,1.7,-,96.7,42544
273627,大阪府,田尻町,1.28,70.8,1.7,-,99.4,8484
273660,大阪府,岬町,0.44,94.5,11.0,100.4,98.3,14295
273813,大阪府,太子町,0.45,94.0,4.2,-,99.2,12673
273821,大阪府,河南町,0.42,95.4,7.4,-,100.1,14556
273830,大阪府,千早赤阪村,0.25,84.8,7.1,-,97.2,4687
281000,兵庫県,神戸市,0.76,98.7,4.9,64.5,100.1,1493543
282014,兵庫県,姫路市,0.85,88.1,3.7,3.3,100.9,523181
282022,兵庫県,尼崎市,0.81,96.1,8.0,-,97.8,457508
282031,兵庫県,明石市,0.71,92.3,3.9,19.9,100.2,307235
282049,兵庫県,西宮市,0.93,96.7,5.0,-,101.0,480818
282057,兵庫県,洲本市,0.47,96.8,12.3,38.3,99.0,40767
282065,兵庫県,芦屋市,1.09,92.7,8.4,30.5,103.5,94007
282073,兵庫県,伊丹市,0.76,93.8,4.3,-,99.0,200284
282081,兵庫県,相生市,0.53,93.9,10.0,49.4,98.6,27058
282090,兵庫県,豊岡市,0.39,96.1,13.6,13.9,95.7,75177
282103,兵庫県,加古川市,0.84,94.0,1.9,-,100.4,257203
282120,兵庫県,赤穂市,0.64,92.0,8.9,66.7,97.4,44179
282138,兵庫県,西脇市,0.45,90.1,10.3,-,98.6,37688
282146,兵庫県,宝塚市,0.81,96.9,5.5,-,99.9,227645
282154,兵庫県,三木市,0.66,96.5,7.1,15.6,100.2,73091
282162,兵庫県,高砂市,0.78,90.1,4.9,45.6,98.9,86511
282171,兵庫県,川西市,0.64,98.6,7.9,71.6,98.9,152914
282189,兵庫県,小野市,0.71,88.0,7.7,-,102.2,46825
282197,兵庫県,三田市,0.82,93.6,4.1,-,97.6,106482
282201,兵庫県,加西市,0.63,95.7,9.8,-,100.2,41455
282219,兵庫県,丹波篠山市,0.42,94.8,14.9,59.3,98.1,39095
282227,兵庫県,養父市,0.25,97.6,8.5,-,96.6,21005
282235,兵庫県,丹波市,0.44,92.7,6.2,-,96.5,60033
282243,兵庫県,南あわじ市,0.40,93.3,12.8,35.5,98.1,43732
282251,兵庫県,朝来市,0.39,89.7,9.8,-,96.6,27754
282260,兵庫県,淡路市,0.37,94.4,13.2,36.7,98.0,41364
282278,兵庫県,宍粟市,0.34,93.3,6.6,48.9,97.1,33749
282286,兵庫県,加東市,0.62,92.6,6.3,-,98.2,39413
282294,兵庫県,たつの市,0.52,87.8,7.3,-,99.3,72271
283011,兵庫県,猪名川町,0.63,88.3,2.8,-,98.3,28644
283657,兵庫県,多可町,0.35,90.0,11.2,4.2,97.6,18605
283819,兵庫県,稲美町,0.65,85.0,5.5,-,97.5,30491
283827,兵庫県,播磨町,0.80,93.8,2.9,-,97.2,34687
284424,兵庫県,市川町,0.36,88.4,9.7,65.0,96.8,10660
284432,兵庫県,福崎町,0.67,97.0,13.2,88.8,98.5,18573
284467,兵庫県,神河町,0.35,94.5,12.1,38.8,98.1,10144
284645,兵庫県,太子町,0.62,91.8,11.4,14.2,98.9,33414
284815,兵庫県,上郡町,0.51,94.9,13.9,106.0,96.3,13543
285013,兵庫県,佐用町,0.28,83.6,1.1,-,96.7,14727
285854,兵庫県,香美町,0.23,95.7,11.4,17.6,93.7,15303
285862,兵庫県,新温泉町,0.24,91.2,11.0,18.9,95.7,12829
292010,奈良県,奈良市,0.69,97.1,9.8,72.1,98.4,347187
292028,奈良県,大和高田市,0.46,99.8,5.6,40.0,96.8,61818
292036,奈良県,大和郡山市,0.63,95.4,5.2,-,98.0,82598
292044,奈良県,天理市,0.57,95.8,8.2,44.8,100.8,60686
292052,奈良県,橿原市,0.69,92.1,3.8,23.8,100.2,118556
292061,奈良県,桜井市,0.51,95.0,6.3,59.6,100.1,54272
292079,奈良県,五條市,0.34,93.2,8.3,54.5,96.5,26900
292087,奈良県,御所市,0.38,99.6,11.4,61.1,99.0,23144
292095,奈良県,生駒市,0.72,88.0,1.6,-,100.1,116553
292109,奈良県,香芝市,0.64,92.6,10.7,46.1,99.6,78324
292117,奈良県,葛城市,0.49,92.2,7.5,5.1,95.3,37794
292125,奈良県,宇陀市,0.28,93.6,10.4,77.6,99.4,26694
293229,奈良県,山添村,0.24,76.1,4.1,-,97.6,3055
293423,奈良県,平群町,0.41,88.2,11.5,117.5,96.2,18142
293431,奈良県,三郷町,0.43,89.3,4.9,68.6,97.0,22349
293440,奈良県,斑鳩町,0.50,94.0,8.0,4.8,99.7,28036
293458,奈良県,安堵町,0.38,94.7,6.5,14.6,95.4,6975
293610,奈良県,川西町,0.43,84.8,6.2,-,94.2,7986
293628,奈良県,三宅町,0.26,89.5,9.8,-,94.6,6422
293636,奈良県,田原本町,0.55,98.5,11.7,13.7,95.5,31379
293857,奈良県,曽爾村,0.12,83.3,8.8,-,96.1,1270
293865,奈良県,御杖村,0.13,79.7,5.4,-,94.2,1347
294012,奈良県,高取町,0.29,85.2,7.4,16.9,98.1,6045
294021,奈良県,明日香村,0.22,98.7,7.0,53.3,96.8,5049
294241,奈良県,上牧町,0.46,95.7,12.8,96.6,94.3,21157
294250,奈良県,王寺町,0.57,91.8,6.8,-,93.9,23694
294268,奈良県,広陵町,0.57,92.7,5.3,28.6,96.8,35020
294276,奈良県,河合町,0.45,94.3,16.1,145.1,91.7,16614
294411,奈良県,吉野町,0.25,88.4,8.5,71.9,95.0,5834
294420,奈良県,大淀町,0.42,91.7,8.7,17.7,96.3,15797
294438,奈良県,下市町,0.20,82.4,8.5,-,93.4,4405
294446,奈良県,黒滝村,0.12,94.7,5.9,-,93.1,589
294462,奈良県,天川村,0.14,89.2,10.7,-,95.8,1194
294471,奈良県,野迫川村,0.13,84.7,10.2,-,90.1,322
294497,奈良県,十津川村,0.24,87.2,9.3,-,93.1,2757
294501,奈良県,下北山村,0.21,86.4,7.8,-,91.3,796
294519,奈良県,上北山村,0.13,95.2,6.1,-,91.5,421
294527,奈良県,川上村,0.28,93.8,8.0,-,94.6,1188
294535,奈良県,東吉野村,0.14,82.6,8.1,-,92.4,1498
302015,和歌山県,和歌山市,0.76,96.1,9.8,79.3,99.2,352941
302023,和歌山県,海南市,0.51,99.9,9.6,66.8,93.0,46492
302031,和歌山県,橋本市,0.45,100.9,11.5,28.2,97.8,58792
302040,和歌山県,有田市,0.51,102.8,8.9,-,95.1,25230
302058,和歌山県,御坊市,0.50,98.1,13.0,70.4,97.6,21074
302066,和歌山県,田辺市,0.39,99.5,8.0,-,99.2,67316
302074,和歌山県,新宮市,0.36,98.3,10.8,-,97.7,25822
302082,和歌山県,紀の川市,0.42,96.6,4.2,-,97.1,58920
302091,和歌山県,岩出市,0.61,81.2,2.8,-,93.8,53900
303046,和歌山県,紀美野町,0.21,98.2,10.7,71.0,93.7,7711
303411,和歌山県,かつらぎ町,0.34,99.0,9.1,21.0,96.2,15299
303437,和歌山県,九度山町,0.19,90.1,9.3,-,96.1,3760
303445,和歌山県,高野町,0.19,91.1,4.9,-,91.5,2605
303615,和歌山県,湯浅町,0.32,91.2,8.9,-,96.5,10731
303623,和歌山県,広川町,0.29,93.2,8.2,-,95.9,6403
303666,和歌山県,有田川町,0.36,86.8,12.0,-,96.5,24954
303810,和歌山県,美浜町,0.27,95.3,6.8,-,98.4,6324
303828,和歌山県,日高町,0.29,94.1,11.5,32.4,96.5,7953
303836,和歌山県,由良町,0.25,88.6,13.9,108.9,96.3,5035
303909,和歌山県,印南町,0.33,77.7,7.5,-,97.6,7636
303917,和歌山県,みなべ町,0.33,94.2,11.1,-,94.5,11516
303925,和歌山県,日高川町,0.25,87.7,10.8,-,95.2,8962
304018,和歌山県,白浜町,0.44,94.4,7.8,17.7,96.6,19753
304042,和歌山県,上富田町,0.50,89.4,10.0,-,96.3,15683
304069,和歌山県,すさみ町,0.21,91.6,8.2,-,98.1,3471
304212,和歌山県,那智勝浦町,0.30,96.1,8.0,13.3,97.2,13468
304221,和歌山県,太地町,0.15,99.8,11.4,28.1,96.0,2834
304247,和歌山県,古座川町,0.16,83.2,5.3,-,98.0,2302
304271,和歌山県,北山村,0.13,79.6,10.2,-,96.8,382
304280,和歌山県,串本町,0.26,93.3,9.1,33.6,92.7,13924
312011,鳥取県,鳥取市,0.51,90.3,9.0,69.4,96.8,179215
312029,鳥取県,米子市,0.65,93.1,9.3,46.8,93.8,144056
312037,鳥取県,倉吉市,0.44,93.7,7.9,52.2,95.7,43663
312045,鳥取県,境港市,0.55,93.2,10.3,96.6,94.0,32469
313025,鳥取県,岩美町,0.26,87.3,8.3,-,94.6,10769
313254,鳥取県,若桜町,0.14,95.8,9.1,7.2,94.4,2671
313289,鳥取県,智頭町,0.19,98.5,14.5,25.4,94.7,6129
313297,鳥取県,八頭町,0.23,89.1,10.0,19.8,91.8,15488
313645,鳥取県,三朝町,0.22,82.7,8.0,-,92.2,5788
313700,鳥取県,湯梨浜町,0.27,92.6,6.3,0.3,91.8,16219
313718,鳥取県,琴浦町,0.30,92.3,11.6,36.3,94.4,15784
313726,鳥取県,北栄町,0.30,89.5,9.4,40.0,93.8,14127
313840,鳥取県,日吉津村,0.49,81.1,10.0,1.4,94.8,3616
313866,鳥取県,大山町,0.27,96.8,9.8,-,93.1,14786
313891,鳥取県,南部町,0.26,92.9,8.8,8.2,90.6,10099
313904,鳥取県,伯耆町,0.28,89.7,8.1,-,93.7,10145
314013,鳥取県,日南町,0.16,99.6,8.4,-,93.8,3865
314021,鳥取県,日野町,0.16,90.2,9.5,-,91.3,2635
314030,鳥取県,江府町,0.27,90.1,16.0,70.2,95.0,2479
322016,島根県,松江市,0.57,93.7,8.9,60.7,98.1,194313
322024,島根県,浜田市,0.45,92.5,9.5,3.7,97.4,48576
322032,島根県,出雲市,0.56,86.0,11.7,156.8,98.1,172327
322041,島根県,益田市,0.40,93.8,9.8,63.3,99.1,42986
322059,島根県,大田市,0.31,94.9,9.9,83.9,98.8,31475
322067,島根県,安来市,0.35,93.2,12.1,82.3,98.9,35112
322075,島根県,江津市,0.34,93.9,9.7,47.5,98.5,21202
322091,島根県,雲南市,0.26,97.6,11.1,88.1,98.8,34426
323438,島根県,奥出雲町,0.18,90.6,12.6,124.6,92.6,11077
323861,島根県,飯南町,0.13,97.1,10.4,20.7,98.1,4355
324418,島根県,川本町,0.15,93.6,8.3,-,97.3,2982
324485,島根県,美郷町,0.14,90.8,13.4,35.7,98.0,4034
324493,島根県,邑南町,0.19,93.5,12.4,95.0,97.6,9467
325015,島根県,津和野町,0.16,91.5,12.1,83.5,97.7,6373
325058,島根県,吉賀町,0.16,93.9,9.7,55.1,99.0,5571
325252,島根県,海士町,0.10,82.5,1.6,29.1,97.2,2209
325261,島根県,西ノ島町,0.10,94.8,11.3,58.2,97.9,2495
325279,島根県,知夫村,0.07,97.0,13.3,89.1,97.5,574
325287,島根県,隠岐の島町,0.20,87.4,11.3,161.5,99.1,13036
331007,岡山県,岡山市,0.74,91.2,5.7,-,101.6,695690
332020,岡山県,倉敷市,0.82,89.1,3.2,0.0,100.3,473670
332038,岡山県,津山市,0.52,91.6,12.2,78.9,100.0,95030
332046,岡山県,玉野市,0.51,94.0,4.6,-,97.9,54130
332054,岡山県,笠岡市,0.56,97.2,8.1,57.6,99.5,44030
332071,岡山県,井原市,0.40,88.4,10.3,-,98.6,36670
332089,岡山県,総社市,0.56,91.9,5.7,-,97.9,69625
332097,岡山県,高梁市,0.30,96.7,11.3,57.9,97.5,26020
332101,岡山県,新見市,0.26,83.1,7.7,-,97.9,25939
332119,岡山県,備前市,0.42,89.2,8.6,-,97.6,30816
332127,岡山県,瀬戸内市,0.54,87.4,8.5,35.8,96.0,36160
332135,岡山県,赤磐市,0.44,91.3,8.1,-,96.2,42490
332143,岡山県,真庭市,0.30,94.2,10.8,-,97.7,40778
332151,岡山県,美作市,0.29,89.4,10.4,-,95.8,24886
332160,岡山県,浅口市,0.42,92.1,6.8,-,97.7,32525
333468,岡山県,和気町,0.34,87.0,7.2,13.0,94.4,12871
334235,岡山県,早島町,0.65,90.8,5.1,-,97.8,12748
334456,岡山県,里庄町,0.50,88.1,8.0,-,95.6,10883
334618,岡山県,矢掛町,0.32,87.9,7.8,-,98.7,13101
335860,岡山県,新庄村,0.18,95.0,7.3,-,95.1,793
336068,岡山県,鏡野町,0.30,88.0,12.5,39.0,95.9,12017
336220,岡山県,勝央町,0.48,81.8,11.8,5.8,98.0,10737
336238,岡山県,奈義町,0.30,86.7,6.8,-,96.4,5515
336432,岡山県,西粟倉村,0.12,98.4,13.9,0.9,95.5,1331
336637,岡山県,久米南町,0.22,84.5,10.7,-,95.4,4290
336661,岡山県,美咲町,0.27,82.8,9.1,21.8,95.5,12538
336815,岡山県,吉備中央町,0.28,86.8,8.8,-,96.8,10195
341002,広島県,広島市,0.77,97.3,8.8,161.3,99.9,1173543
342025,広島県,呉市,0.57,96.0,4.9,32.0,98.1,201242
342033,広島県,竹原市,0.68,94.5,8.6,45.1,100.5,22557
342041,広島県,三原市,0.53,93.7,8.7,7.2,96.6,87075
342050,広島県,尾道市,0.52,98.0,8.3,10.3,100.5,126396
342076,広島県,福山市,0.76,84.8,1.2,-,100.3,455028
342084,広島県,府中市,0.44,97.6,6.4,39.1,99.3,35105
342092,広島県,三次市,0.34,98.1,7.2,35.5,97.0,47904
342106,広島県,庄原市,0.26,97.7,11.5,66.7,97.0,31198
342114,広島県,大竹市,0.72,96.6,12.7,62.8,97.9,25353
342122,広島県,東広島市,0.86,93.6,3.3,-,100.0,190911
342131,広島県,廿日市市,0.58,97.9,7.6,65.8,97.9,115451
342149,広島県,安芸高田市,0.34,92.9,10.0,55.1,99.3,26041
342157,広島県,江田島市,0.30,98.6,7.9,-,97.8,20690
343021,広島県,府中町,0.76,85.7,8.1,75.1,98.4,52074
343048,広島県,海田町,0.79,86.4,7.0,-,97.8,30810
343072,広島県,熊野町,0.48,91.5,6.8,-,94.6,23475
343099,広島県,坂町,0.58,89.6,5.8,-,93.5,12498
343684,広島県,安芸太田町,0.20,92.8,13.2,-,95.9,5367
343692,広島県,北広島町,0.36,89.4,12.1,44.3,97.3,16953
344311,広島県,大崎上島町,0.29,96.2,11.5,-,94.8,6779
344621,広島県,世羅町,0.32,93.4,9.5,2.2,95.9,14519
345458,広島県,神石高原町,0.20,81.2,6.5,-,96.2,7802
352012,山口県,下関市,0.56,96.6,9.3,43.0,98.1,243422
352021,山口県,宇部市,0.70,96.0,2.5,47.2,100.3,156438
352039,山口県,山口市,0.62,97.4,6.3,89.3,99.4,185982
352047,山口県,萩市,0.32,94.1,5.4,-,97.6,41637
352063,山口県,防府市,0.75,93.0,3.6,9.3,100.0,113144
352071,山口県,下松市,0.83,95.3,4.3,10.9,99.1,56637
352080,山口県,岩国市,0.54,93.5,4.5,-,97.7,124568
352101,山口県,光市,0.62,97.6,6.1,1.8,99.4,48015
352110,山口県,長門市,0.32,97.4,6.3,-,98.0,30207
352128,山口県,柳井市,0.50,92.7,8.3,42.0,97.4,29233
352136,山口県,美祢市,0.40,98.4,8.6,112.5,98.2,20921
352152,山口県,周南市,0.77,94.3,9.4,65.1,101.0,134733
352161,山口県,山陽小野田市,0.54,98.2,9.6,29.3,99.8,58871
353051,山口県,周防大島町,0.24,97.5,12.2,-,95.6,13537
353213,山口県,和木町,0.61,94.0,8.5,7.5,97.1,5695
353418,山口県,上関町,0.11,95.9,11.1,-,95.0,2190
353434,山口県,田布施町,0.44,88.3,8.6,11.7,97.7,14033
353442,山口県,平生町,0.40,87.0,11.4,116.0,96.0,10748
355020,山口県,阿武町,0.16,76.4,0.1,-,97.1,2945
362018,徳島県,徳島市,0.77,96.7,5.5,32.5,99.0,244830
362026,徳島県,鳴門市,0.63,97.3,11.6,95.6,96.8,53240
362034,徳島県,小松島市,0.56,99.9,12.0,49.1,98.9,34604
362042,徳島県,阿南市,0.75,92.8,6.9,4.0,98.2,67946
362051,徳島県,吉野川市,0.37,95.4,6.3,2.0,99.1,37558
362069,徳島県,阿波市,0.36,98.8,7.8,-,98.8,34188
362077,徳島県,美馬市,0.31,97.1,8.8,33.2,99.0,26264
362085,徳島県,三好市,0.24,93.0,7.0,-,97.1,22225
363014,徳島県,勝浦町,0.23,88.7,5.4,-,95.8,4570
363022,徳島県,上勝町,0.15,88.2,6.0,-,94.0,1337
363219,徳島県,佐那河内村,0.15,85.6,1.3,-,94.7,2106
363413,徳島県,石井町,0.49,90.0,3.5,-,99.0,24567
363421,徳島県,神山町,0.19,77.8,3.5,-,95.1,4673
363685,徳島県,那賀町,0.21,89.2,8.5,-,95.3,7060
363839,徳島県,牟岐町,0.16,93.2,7.6,-,96.9,3424
363871,徳島県,美波町,0.16,97.2,10.3,54.8,94.2,5711
363880,徳島県,海陽町,0.20,89.8,1.6,-,90.5,8199
364011,徳島県,松茂町,0.82,84.9,0.0,-,94.5,14356
364029,徳島県,北島町,0.71,90.6,6.2,-,95.4,23682
364037,徳島県,藍住町,0.66,84.5,7.5,-,95.9,35320
364045,徳島県,板野町,0.46,92.8,5.6,-,96.9,12812
364053,徳島県,上板町,0.38,83.9,4.0,-,96.1,11140
364681,徳島県,つるぎ町,0.18,97.1,11.0,-,93.9,7392
364894,徳島県,東みよし町,0.29,93.9,9.4,-,98.2,13205
372013,香川県,高松市,0.76,96.3,7.0,68.2,100.2,417660
372021,香川県,丸亀市,0.60,95.2,11.0,1.1,98.9,110803
372030,香川県,坂出市,0.78,88.9,7.8,74.1,99.8,49575
372048,香川県,善通寺市,0.51,95.9,5.4,23.6,98.5,29891
372056,香川県,観音寺市,0.59,92.5,10.2,30.2,99.2,56361
372064,香川県,さぬき市,0.39,98.3,11.7,-,99.5,44348
372072,香川県,東かがわ市,0.35,94.5,4.6,-,97.1,27353
372081,香川県,三豊市,0.42,98.2,8.1,-,98.7,60480
373222,香川県,土庄町,0.31,93.0,11.7,-,94.1,12384
373249,香川県,小豆島町,0.29,90.2,5.4,-,95.1,13057
373419,香川県,三木町,0.53,91.4,7.2,11.7,96.2,26877
373648,香川県,直島町,0.43,87.9,11.9,-,98.9,2896
373869,香川県,宇多津町,0.78,86.1,5.9,-,95.1,18305
373877,香川県,綾川町,0.49,79.1,▲ 1.9,-,97.8,22906
374032,香川県,琴平町,0.35,88.7,8.1,9.8,96.9,8140
374041,香川県,多度津町,0.58,89.9,11.9,147.5,99.7,21813
374067,香川県,まんのう町,0.34,87.4,8.0,-,98.0,17116
382019,愛媛県,松山市,0.74,91.3,7.6,22.1,98.5,496666
382027,愛媛県,今治市,0.53,91.5,8.0,-,96.5,147702
382035,愛媛県,宇和島市,0.34,91.6,5.6,-,95.0,66981
382043,愛媛県,八幡浜市,0.32,88.8,10.4,33.8,96.6,30019
382051,愛媛県,新居浜市,0.77,86.4,3.1,-,99.0,112724
382060,愛媛県,西条市,0.63,89.0,8.0,43.2,94.7,103413
382078,愛媛県,大洲市,0.35,99.7,8.3,35.4,94.2,39040
382108,愛媛県,伊予市,0.41,89.7,5.6,23.6,95.1,35173
382132,愛媛県,四国中央市,0.72,88.8,8.2,43.9,98.2,80965
382141,愛媛県,西予市,0.25,100.5,12.9,77.0,93.1,33721
382159,愛媛県,東温市,0.49,98.9,10.0,15.1,97.2,32959
383562,愛媛県,上島町,0.15,94.5,14.4,36.5,90.5,6085
383864,愛媛県,久万高原町,0.21,88.4,10.4,-,91.0,6889
384011,愛媛県,松前町,0.68,92.2,9.8,71.3,95.3,30195
384020,愛媛県,砥部町,0.42,91.1,4.7,54.1,94.0,20190
384224,愛媛県,内子町,0.27,86.5,2.8,-,92.4,14708
384429,愛媛県,伊方町,0.60,92.2,6.8,-,95.5,7764
384844,愛媛県,松野町,0.15,86.2,7.5,26.9,93.0,3484
384887,愛媛県,鬼北町,0.23,91.8,7.4,2.0,96.3,9108
385069,愛媛県,愛南町,0.23,95.9,10.0,-,92.7,18573
392014,高知県,高知市,0.63,99.5,12.6,150.6,99.1,312228
392022,高知県,室戸市,0.22,96.3,9.2,-,96.2,11273
392031,高知県,安芸市,0.31,89.4,5.5,35.7,95.5,15555
392049,高知県,南国市,0.59,88.6,9.6,85.8,96.2,45979
392057,高知県,土佐市,0.38,90.2,12.1,55.4,96.6,25646
392065,高知県,須崎市,0.41,95.2,12.4,-,96.6,19325
392081,高知県,宿毛市,0.36,89.6,10.5,44.3,95.9,18394
392090,高知県,土佐清水市,0.24,89.6,16.2,18.9,95.9,11591
392103,高知県,四万十市,0.35,90.0,10.9,106.5,95.3,31424
392111,高知県,香南市,0.34,96.6,5.1,-,95.0,32585
392120,高知県,香美市,0.32,98.8,8.0,-,94.2,24667
393011,高知県,東洋町,0.11,92.5,12.5,29.9,95.6,2059
393029,高知県,奈半利町,0.17,96.5,5.2,-,97.2,2858
393037,高知県,田野町,0.19,91.5,6.5,-,97.8,2419
393045,高知県,安田町,0.15,97.6,8.8,-,94.5,2269
393053,高知県,北川村,0.19,93.7,▲ 0.1,-,96.0,1177
393061,高知県,馬路村,0.16,92.5,9.1,-,96.5,762
393070,高知県,芸西村,0.23,88.4,8.0,-,94.5,3570
393410,高知県,本山町,0.16,92.2,10.2,34.1,95.2,3125
393444,高知県,大豊町,0.18,77.6,4.2,-,92.8,2961
393631,高知県,土佐町,0.20,83.5,7.7,-,96.8,3488
393649,高知県,大川村,0.13,99.3,12.9,-,94.0,355
393860,高知県,いの町,0.35,91.8,8.9,-,97.0,20829
393878,高知県,仁淀川町,0.18,83.2,▲ 2.3,-,94.6,4459
394017,高知県,中土佐町,0.17,92.3,14.0,-,97.1,5774
394025,高知県,佐川町,0.32,93.2,6.9,-,91.7,11805
394033,高知県,越知町,0.19,93.9,10.3,1.6,95.9,4811
394050,高知県,梼原町,0.14,93.8,6.3,-,93.0,3084
394106,高知県,日高村,0.27,87.2,9.3,30.5,96.7,4704
394114,高知県,津野町,0.16,78.6,▲ 7.4,-,95.1,5184
394122,高知県,四万十町,0.23,96.1,7.1,-,94.5,14945
394246,高知県,大月町,0.18,91.4,9.6,12.5,97.8,4348
394271,高知県,三原村,0.12,93.5,13.8,-,95.0,1355
394289,高知県,黒潮町,0.20,93.8,13.0,-,95.5,9855
401005,福岡県,北九州市,0.69,99.3,10.6,143.0,101.6,913577
401307,福岡県,福岡市,0.87,93.6,7.7,58.8,101.2,1608140
402028,福岡県,大牟田市,0.53,96.6,6.4,11.8,98.9,104688
402036,福岡県,久留米市,0.64,94.8,3.5,-,99.7,300199
402044,福岡県,直方市,0.56,94.1,7.3,41.3,99.5,54838
402052,福岡県,飯塚市,0.50,98.8,7.2,-,99.1,124118
402061,福岡県,田川市,0.43,97.4,8.5,-,95.0,44839
402079,福岡県,柳川市,0.46,96.7,8.1,19.4,98.5,61536
402109,福岡県,八女市,0.38,92.6,6.7,-,100.1,59544
402117,福岡県,筑後市,0.67,90.5,8.3,-,99.4,49134
402125,福岡県,大川市,0.50,92.2,10.8,30.7,99.8,31147
402133,福岡県,行橋市,0.63,92.4,7.2,-,100.4,72254
402141,福岡県,豊前市,0.53,95.3,8.1,-,96.9,23322
402150,福岡県,中間市,0.46,95.3,4.2,-,99.8,39014
402168,福岡県,小郡市,0.63,93.7,6.5,11.9,100.0,59509
402176,福岡県,筑紫野市,0.74,88.1,1.7,-,99.3,106375
402184,福岡県,春日市,0.73,88.0,2.5,-,99.8,111919
402192,福岡県,大野城市,0.77,86.9,2.3,-,100.9,103537
402206,福岡県,宗像市,0.57,93.7,▲ 0.6,-,94.5,96869
402214,福岡県,太宰府市,0.63,94.9,2.1,-,100.3,71566
402231,福岡県,古賀市,0.67,90.7,5.5,-,94.0,59184
402249,福岡県,福津市,0.56,90.2,5.7,-,94.5,69201
402257,福岡県,うきは市,0.38,85.6,6.4,-,97.4,27382
402265,福岡県,宮若市,0.61,83.4,8.5,-,98.6,26092
402273,福岡県,嘉麻市,0.28,105.8,7.4,16.1,97.2,34143
402281,福岡県,朝倉市,0.50,93.5,7.5,-,99.4,50024
402290,福岡県,みやま市,0.40,93.1,6.7,7.3,98.5,34291
402303,福岡県,糸島市,0.57,88.0,6.4,-,98.6,104175
402311,福岡県,那珂川市,0.68,95.3,7.1,-,100.3,49435
403415,福岡県,宇美町,0.59,92.8,6.7,-,95.9,36878
403423,福岡県,篠栗町,0.60,93.2,5.8,-,97.6,31261
403431,福岡県,志免町,0.72,87.7,4.1,-,99.3,46379
403440,福岡県,須恵町,0.63,90.2,7.0,38.7,97.2,29307
403458,福岡県,新宮町,0.83,90.6,8.9,-,96.8,32979
403482,福岡県,久山町,0.75,90.8,10.7,-,95.4,9410
403491,福岡県,粕屋町,0.85,92.1,7.9,-,98.5,48723
403814,福岡県,芦屋町,0.34,99.9,8.3,-,95.5,12728
403822,福岡県,水巻町,0.50,91.5,5.8,9.5,95.4,27531
403831,福岡県,岡垣町,0.53,91.5,3.9,-,98.7,31460
403849,福岡県,遠賀町,0.54,87.7,7.3,-,94.9,18900
404012,福岡県,小竹町,0.32,93.7,6.8,81.5,96.6,6890
404021,福岡県,鞍手町,0.41,95.8,7.7,-,94.4,14774
404217,福岡県,桂川町,0.39,97.4,3.8,-,97.5,12738
404471,福岡県,筑前町,0.48,90.4,10.7,31.5,99.5,30805
404489,福岡県,東峰村,0.12,88.2,7.5,-,92.6,1762
405035,福岡県,大刀洗町,0.46,83.3,8.6,-,97.6,16121
405221,福岡県,大木町,0.47,83.2,5.7,-,98.9,13653
405442,福岡県,広川町,0.60,89.8,8.3,20.1,98.5,19141
406015,福岡県,香春町,0.29,90.6,4.0,-,97.1,9962
406023,福岡県,添田町,0.23,94.1,6.2,-,96.1,8311
406040,福岡県,糸田町,0.22,97.9,5.8,-,98.0,8269
406058,福岡県,川崎町,0.29,90.8,7.0,20.2,92.8,14804
406082,福岡県,大任町,0.16,89.7,6.4,-,90.4,5037
406091,福岡県,赤村,0.15,86.2,▲ 0.5,-,95.5,2843
406104,福岡県,福智町,0.27,96.9,6.9,-,97.5,20888
406210,福岡県,苅田町,1.31,80.1,9.4,7.2,100.4,37553
406252,福岡県,みやこ町,0.35,91.8,6.4,-,96.2,17710
406422,福岡県,吉富町,0.37,88.5,8.9,-,94.9,6512
406465,福岡県,上毛町,0.28,88.5,1.5,-,95.1,7142
406473,福岡県,築上町,0.32,99.3,10.5,19.9,98.2,16434
412015,佐賀県,佐賀市,0.63,93.4,2.4,-,98.5,226481
412023,佐賀県,唐津市,0.43,89.7,14.3,117.5,97.8,113890
412031,佐賀県,鳥栖市,0.91,87.8,0.8,-,98.5,74529
412040,佐賀県,多久市,0.35,92.7,12.8,-,98.6,17604
412058,佐賀県,伊万里市,0.59,90.7,7.6,30.6,98.7,51664
412066,佐賀県,武雄市,0.49,97.1,11.2,-,97.9,46972
412074,佐賀県,鹿島市,0.47,94.1,9.7,98.4,97.4,27242
412082,佐賀県,小城市,0.42,94.9,9.9,-,96.9,44063
412091,佐賀県,嬉野市,0.39,95.5,8.2,-,94.7,24446
412104,佐賀県,神埼市,0.43,94.1,9.6,36.7,97.4,30185
413275,佐賀県,吉野ヶ里町,0.52,90.0,9.8,-,95.9,16162
413411,佐賀県,基山町,0.63,89.7,6.3,-,99.4,17565
413453,佐賀県,上峰町,0.52,88.0,6.1,-,95.7,9870
413461,佐賀県,みやき町,0.42,98.5,9.8,-,95.8,25773
413879,佐賀県,玄海町,1.42,83.0,1.3,-,98.1,4825
414018,佐賀県,有田町,0.35,95.1,8.9,-,97.6,18539
414239,佐賀県,大町町,0.29,90.2,7.2,-,94.7,5941
414247,佐賀県,江北町,0.38,83.8,12.1,-,98.6,9617
414255,佐賀県,白石町,0.33,93.5,10.9,-,95.9,21010
414417,佐賀県,太良町,0.26,92.0,6.5,-,96.6,7874
422011,長崎県,長崎市,0.57,98.8,10.4,91.6,97.6,390551
422029,長崎県,佐世保市,0.53,95.8,5.7,-,98.5,233507
422037,長崎県,島原市,0.42,95.0,5.9,-,97.9,42044
422045,長崎県,諫早市,0.63,98.1,6.6,-,97.3,133479
422053,長崎県,大村市,0.63,99.4,8.5,-,97.9,99694
422070,長崎県,平戸市,0.24,92.8,5.3,-,96.7,27908
422088,長崎県,松浦市,0.51,93.7,10.1,29.3,99.2,20439
422096,長崎県,対馬市,0.20,91.3,9.5,27.9,98.5,27102
422100,長崎県,壱岐市,0.22,97.9,8.3,22.0,95.6,23736
422118,長崎県,五島市,0.24,93.8,8.6,-,96.0,33739
422126,長崎県,西海市,0.29,90.3,1.7,-,98.0,24973
422134,長崎県,雲仙市,0.28,90.6,4.0,-,98.0,40724
422142,長崎県,南島原市,0.25,86.5,▲ 5.7,-,97.3,40640
423076,長崎県,長与町,0.61,92.0,8.0,-,99.0,39479
423084,長崎県,時津町,0.66,93.7,4.9,-,98.7,29240
423211,長崎県,東彼杵町,0.31,92.4,8.8,19.4,96.3,7348
423220,長崎県,川棚町,0.36,87.3,8.1,26.8,96.9,12948
423238,長崎県,波佐見町,0.40,82.8,9.0,-,99.2,14111
423831,長崎県,小値賀町,0.10,84.6,9.3,-,94.0,2115
423912,長崎県,佐々町,0.48,91.5,8.4,-,98.3,13912
424111,長崎県,新上五島町,0.22,81.4,0.7,-,96.9,16682
431001,熊本県,熊本市,0.68,95.4,5.9,93.1,99.8,731331
432024,熊本県,八代市,0.50,93.7,9.7,79.3,96.2,120023
432032,熊本県,人吉市,0.44,98.1,7.8,-,94.4,29742
432041,熊本県,荒尾市,0.48,99.6,10.1,88.1,95.6,49036
432059,熊本県,水俣市,0.38,94.7,10.3,-,95.8,21639
432067,熊本県,玉名市,0.44,97.4,7.8,30.5,97.3,62582
432083,熊本県,山鹿市,0.34,99.0,9.4,-,97.2,48002
432105,熊本県,菊池市,0.45,95.9,9.7,5.6,95.7,46599
432113,熊本県,宇土市,0.49,95.8,12.0,0.0,97.0,36143
432121,熊本県,上天草市,0.26,95.2,11.7,-,98.6,23592
432130,熊本県,宇城市,0.40,97.9,11.0,30.4,98.8,56356
432148,熊本県,阿蘇市,0.35,91.6,8.9,45.6,95.9,24170
432156,熊本県,天草市,0.28,91.8,9.0,-,97.0,71920
432164,熊本県,合志市,0.63,91.6,6.5,-,96.6,65160
433489,熊本県,美里町,0.22,99.5,9.2,-,94.5,8632
433641,熊本県,玉東町,0.30,92.7,6.4,-,95.6,5158
433675,熊本県,南関町,0.39,91.2,7.8,22.0,92.5,8657
433683,熊本県,長洲町,0.50,91.8,6.5,37.9,94.8,15220
433691,熊本県,和水町,0.26,95.8,10.1,-,94.7,9007
434035,熊本県,大津町,0.73,90.5,7.1,-,98.3,36343
434043,熊本県,菊陽町,0.95,94.5,8.2,52.7,98.6,43761
434230,熊本県,南小国町,0.20,93.1,7.5,-,93.8,3804
434248,熊本県,小国町,0.25,85.8,9.5,-,94.6,6295
434256,熊本県,産山村,0.15,83.7,8.3,-,96.0,1361
434281,熊本県,高森町,0.27,79.1,4.9,-,92.6,5823
434329,熊本県,西原村,0.36,90.4,8.8,-,94.2,7074
434337,熊本県,南阿蘇村,0.21,95.9,14.0,23.5,94.9,10026
434418,熊本県,御船町,0.36,88.3,14.2,-,94.3,17270
434426,熊本県,嘉島町,0.60,88.8,10.9,61.1,92.4,10254
434434,熊本県,益城町,0.49,97.3,10.5,38.7,93.8,34107
434442,熊本県,甲佐町,0.30,84.7,8.7,-,93.6,9948
434477,熊本県,山都町,0.24,85.6,4.0,-,93.4,12887
434680,熊本県,氷川町,0.28,93.4,13.0,9.7,92.9,10742
434825,熊本県,芦北町,0.36,92.5,5.1,-,93.9,14877
434841,熊本県,津奈木町,0.24,89.3,3.6,-,94.5,4107
435015,熊本県,錦町,0.40,89.7,9.3,4.7,94.3,10033
435058,熊本県,多良木町,0.23,83.4,9.0,-,95.7,8321
435066,熊本県,湯前町,0.17,89.1,6.1,-,94.7,3445
435074,熊本県,水上村,0.17,85.9,12.1,-,92.6,1933
435104,熊本県,相良村,0.20,85.0,8.3,-,93.0,3961
435112,熊本県,五木村,0.21,92.2,12.5,-,95.2,929
435121,熊本県,山江村,0.16,95.2,8.5,-,93.7,3162
435139,熊本県,球磨村,0.15,81.9,7.5,-,92.3,2648
435147,熊本県,あさぎり町,0.24,90.4,8.5,-,93.8,14058
435317,熊本県,苓北町,0.40,87.4,12.5,6.1,97.4,6222
442011,大分県,大分市,0.86,97.0,6.0,45.7,102.1,472898
442020,大分県,別府市,0.56,97.4,4.0,-,99.1,112115
442038,大分県,中津市,0.52,98.9,5.6,43.3,100.0,81524
442046,大分県,日田市,0.43,94.8,5.4,-,100.6,60207
442054,大分県,佐伯市,0.35,94.9,10.1,-,99.8,64450
442062,大分県,臼杵市,0.37,92.9,8.2,-,100.6,34895
442071,大分県,津久見市,0.39,93.9,8.4,-,98.9,14980
442089,大分県,竹田市,0.26,96.9,7.4,16.9,99.4,18917
442097,大分県,豊後高田市,0.32,90.0,4.3,-,100.0,21748
442101,大分県,杵築市,0.34,89.3,3.5,-,99.3,26153
442119,大分県,宇佐市,0.42,98.7,6.4,34.9,99.9,51972
442127,大分県,豊後大野市,0.29,91.5,6.7,-,100.3,31998
442135,大分県,由布市,0.42,96.2,7.4,36.9,100.8,33521
442143,大分県,国東市,0.31,95.7,4.6,-,99.9,25074
443221,大分県,姫島村,0.10,91.0,4.5,-,83.6,1711
443417,大分県,日出町,0.58,95.1,8.4,1.6,100.4,27829
444618,大分県,九重町,0.32,90.2,4.8,-,99.9,8302
444626,大分県,玖珠町,0.37,95.2,3.9,-,100.4,13808
452017,宮崎県,宮崎市,0.69,92.4,7.9,23.3,98.6,394504
452025,宮崎県,都城市,0.55,97.3,6.1,-,98.6,162574
452033,宮崎県,延岡市,0.53,97.2,8.6,15.9,99.3,113936
452041,宮崎県,日南市,0.40,93.6,9.4,51.9,99.7,48198
452050,宮崎県,小林市,0.39,94.3,12.5,56.7,97.5,42075
452068,宮崎県,日向市,0.56,92.1,10.5,30.9,99.3,57847
452076,宮崎県,串間市,0.32,93.8,7.4,43.2,98.8,16047
452084,宮崎県,西都市,0.39,92.1,3.0,-,97.3,28078
452092,宮崎県,えびの市,0.36,99.9,4.4,-,97.5,17067
453412,宮崎県,三股町,0.45,91.3,6.2,-,95.4,25684
453617,宮崎県,高原町,0.27,92.8,7.1,-,97.0,8393
453820,宮崎県,国富町,0.45,91.3,11.4,40.0,96.8,18243
453838,宮崎県,綾町,0.27,93.7,8.5,28.3,95.1,6785
454010,宮崎県,高鍋町,0.53,92.2,10.0,-,96.7,19275
454028,宮崎県,新富町,0.45,86.9,8.1,-,96.9,16480
454036,宮崎県,西米良村,0.14,85.2,7.2,-,92.3,991
454044,宮崎県,木城町,0.75,83.2,3.4,-,96.4,4710
454052,宮崎県,川南町,0.45,91.5,8.5,-,94.9,14617
454061,宮崎県,都農町,0.30,93.0,7.1,-,93.2,10018
454214,宮崎県,門川町,0.42,88.2,6.9,-,97.8,16989
454290,宮崎県,諸塚村,0.27,81.7,5.3,-,91.5,1406
454303,宮崎県,椎葉村,0.18,82.1,10.0,-,94.7,2406
454311,宮崎県,美郷町,0.19,81.2,7.3,-,95.7,4522
454419,宮崎県,高千穂町,0.25,95.1,6.6,-,98.3,10805
454427,宮崎県,日之影町,0.17,88.8,8.8,-,96.3,3419
454435,宮崎県,五ケ瀬町,0.15,97.4,8.4,-,98.7,3278
462012,鹿児島県,鹿児島市,0.69,92.9,4.5,39.9,99.4,591263
462039,鹿児島県,鹿屋市,0.47,91.7,5.3,-,97.3,98626
462047,鹿児島県,枕崎市,0.39,89.4,7.7,-,97.1,18898
462063,鹿児島県,阿久根市,0.35,90.7,7.0,-,95.2,18147
462080,鹿児島県,出水市,0.43,86.4,7.0,-,97.7,51405
462101,鹿児島県,指宿市,0.36,91.7,9.3,16.3,98.5,37207
462136,鹿児島県,西之表市,0.29,89.5,8.9,-,96.8,14095
462144,鹿児島県,垂水市,0.29,92.1,9.2,-,95.6,12973
462152,鹿児島県,薩摩川内市,0.59,91.3,6.6,-,97.3,90536
462161,鹿児島県,日置市,0.40,92.4,8.5,0.2,95.9,46134
462179,鹿児島県,曽於市,0.31,85.7,5.9,-,98.1,32185
462187,鹿児島県,霧島市,0.55,87.2,5.3,-,97.6,123070
462195,鹿児島県,いちき串木野市,0.39,91.0,11.8,1.7,95.1,25808
462209,鹿児島県,南さつま市,0.29,88.9,7.1,-,95.8,31094
462217,鹿児島県,志布志市,0.39,82.1,10.1,-,97.3,28693
462225,鹿児島県,奄美市,0.27,91.3,9.1,-,97.3,40239
462233,鹿児島県,南九州市,0.36,92.2,6.6,-,97.5,31457
462241,鹿児島県,伊佐市,0.38,90.7,9.1,-,98.9,22748
462250,鹿児島県,姶良市,0.51,91.1,8.7,52.6,99.6,78123
463035,鹿児島県,三島村,0.06,90.6,13.5,-,90.3,344
463043,鹿児島県,十島村,0.07,91.5,4.8,-,95.2,673
463922,鹿児島県,さつま町,0.38,90.4,4.6,-,94.8,18696
464040,鹿児島県,長島町,0.19,94.7,9.9,-,97.2,9399
464520,鹿児島県,湧水町,0.30,89.9,9.4,-,96.9,8294
464686,鹿児島県,大崎町,0.35,75.4,6.5,-,94.5,11914
464821,鹿児島県,東串良町,0.28,86.5,7.8,-,96.9,6361
464902,鹿児島県,錦江町,0.19,89.0,6.5,-,96.8,6165
464911,鹿児島県,南大隅町,0.16,88.2,9.8,-,96.3,5912
464929,鹿児島県,肝付町,0.28,89.8,7.8,-,96.1,13587
465011,鹿児島県,中種子町,0.22,90.5,11.3,-,96.4,7102
465020,鹿児島県,南種子町,0.24,91.5,10.3,-,93.9,5196
465054,鹿児島県,屋久島町,0.23,87.1,9.8,-,96.1,11326
465232,鹿児島県,大和村,0.08,92.7,6.7,-,94.2,1384
465241,鹿児島県,宇検村,0.09,92.9,9.4,-,92.5,1604
465259,鹿児島県,瀬戸内町,0.16,92.3,9.6,-,92.4,8084
465275,鹿児島県,龍郷町,0.17,88.6,9.0,-,95.2,6014
465291,鹿児島県,喜界町,0.16,82.7,10.8,-,94.9,6307
465305,鹿児島県,徳之島町,0.23,85.4,7.6,37.7,91.3,9844
465313,鹿児島県,天城町,0.15,92.4,7.3,1.1,93.4,5461
465321,鹿児島県,伊仙町,0.13,87.8,9.8,87.6,89.5,6132
465330,鹿児島県,和泊町,0.18,90.8,16.2,0.8,93.4,5975
465348,鹿児島県,知名町,0.15,88.8,12.3,5.0,96.6,5383
465356,鹿児島県,与論町,0.16,91.7,9.3,-,90.8,5062
472018,沖縄県,那覇市,0.84,88.2,8.1,46.5,97.4,313424
472051,沖縄県,宜野湾市,0.67,95.7,6.3,21.3,95.3,100443
472077,沖縄県,石垣市,0.46,89.9,7.0,53.6,96.3,49830
472085,沖縄県,浦添市,0.75,93.6,5.0,29.6,95.3,115486
472093,沖縄県,名護市,0.45,95.6,6.6,35.0,94.7,64734
472107,沖縄県,糸満市,0.54,94.1,9.2,22.0,94.9,62250
472115,沖縄県,沖縄市,0.58,93.8,5.8,30.8,95.8,141739
472123,沖縄県,豊見城市,0.63,89.1,8.9,97.6,97.2,65889
472131,沖縄県,うるま市,0.49,96.8,6.1,4.9,95.9,126948
472140,沖縄県,宮古島市,0.39,97.6,10.1,18.2,96.1,55656
472158,沖縄県,南城市,0.38,87.2,6.2,-,97.6,46929
473014,沖縄県,国頭村,0.20,87.5,8.2,-,93.7,4459
473022,沖縄県,大宜味村,0.39,88.5,8.4,-,96.8,2910
473031,沖縄県,東村,0.13,88.4,8.6,-,91.2,1701
473065,沖縄県,今帰仁村,0.27,82.1,7.4,6.2,92.8,9183
473081,沖縄県,本部町,0.35,89.8,9.3,3.8,95.2,12899
473111,沖縄県,恩納村,0.63,78.8,5.2,-,95.8,11316
473138,沖縄県,宜野座村,0.29,85.6,9.3,-,94.2,6500
473146,沖縄県,金武町,0.39,89.7,4.7,-,95.3,11481
473154,沖縄県,伊江村,0.15,74.3,5.5,-,93.1,4268
473243,沖縄県,読谷村,0.63,85.9,6.4,-,97.3,42289
473251,沖縄県,嘉手納町,0.61,83.3,1.6,-,95.7,12909
473260,沖縄県,北谷町,0.80,80.2,4.0,-,94.7,29259
473278,沖縄県,北中城村,0.63,85.8,5.5,46.5,97.7,17951
473286,沖縄県,中城村,0.61,86.8,5.1,-,99.1,22683
473294,沖縄県,西原町,0.62,87.8,6.1,1.7,97.5,35659
473481,沖縄県,与那原町,0.47,91.0,8.7,73.9,95.9,19920
473502,沖縄県,南風原町,0.62,86.5,8.5,15.6,99.1,41330
473537,沖縄県,渡嘉敷村,0.10,92.2,8.3,-,93.2,665
473545,沖縄県,座間味村,0.10,87.1,11.1,67.4,96.2,873
473553,沖縄県,粟国村,0.09,95.0,11.9,186.7,91.8,676
473561,沖縄県,渡名喜村,0.07,93.5,11.0,-,84.5,291
473570,沖縄県,南大東村,0.15,85.4,7.5,-,89.2,1227
473588,沖縄県,北大東村,0.09,80.6,8.2,-,90.9,544
473596,沖縄県,伊平屋村,0.08,89.9,7.3,101.7,93.6,1191
473600,沖縄県,伊是名村,0.10,94.8,6.0,26.1,97.2,1237
473618,沖縄県,久米島町,0.19,93.9,5.5,-,94.3,7140
473626,沖縄県,八重瀬町,0.44,87.3,8.0,-,97.0,33255
473758,沖縄県,多良間村,0.11,89.2,6.5,-,76.9,1040
473812,沖縄県,竹富町,0.14,98.9,7.8,-,96.2,4208
473821,沖縄県,与那国町,0.14,94.4,7.1,-,87.6,1689
